,codigoParlamentar,TipoUsoPalavra,DataPronunciamento,LocalPronunciamento,TextoResumo
0,22,DIS,2024-05-15,Senado Federal,Argumentação em favor da proibição de candidaturas de pessoas condenadas por corrupção.
1,22,DIS,2024-05-15,Senado Federal,"Satisfação pela aprovação, na CCJ, do Projeto de Lei nº 5153/2023, de autoria de S. Exa., que altera o Código de Trânsito Brasileiro para estabelecer desconto no valor cobrado pela renovação das carteiras de habilitação para condutores com idade igual ou superior a 50 anos."
2,22,DIS,2024-04-23,Senado Federal,"Satisfação com a decisão do Sr. Gilmar Mendes, Ministro do STF, que determinou a suspensão, em todo o País, dos processos judiciais que discutem a constitucionalidade da Lei nº 14701/2023, conhecida como a Lei do Marco Temporal."
3,22,DIS,2024-04-16,Senado Federal,Comentários sobre a veiculação de notícias denunciando a possível instituição de censura prévia no País pelo STF. Defesa da liberdade de expressão.
4,22,DIS,2024-04-02,Senado Federal,Considerações acerca da precariedade da segurança pública no País e a suposta contribuição do atual Governo para a situação.
5,22,DIS,2024-03-26,Senado Federal,Relato sobre os prejuízos trazidos pela polarização política exacerbada no País. Destaque para o resultado da investigação feita pela Polícia Federal relativa aos assassinatos da vereadora Marielle Franco e do motorista Anderson Gomes. Necessidade de formulação de um plano de segurança pública capaz de enfrentar o crime organizado no País.
6,22,PL,2024-03-26,Senado Federal,Celebração do aniversário de 71 anos de Ceilândia-DF.
7,22,DIS,2024-03-26,Senado Federal,Satisfação com o anúncio da filiação do Senador Izalci Lucas ao PL.
8,22,DIS,2024-03-20,Senado Federal,"Exposição sobre o relatório apresentado por S. Exa., na CCJ, sobre o Projeto de Lei Complementar nº 112/2021, que institui o novo Código Eleitoral brasileiro."
9,22,DIS,2024-03-20,Senado Federal,"Defesa do Projeto de Lei da Câmara nº 42/2017, que dispõe sobre o tratamento de doenças neuromusculares com paralisia motora."
10,22,DIS,2024-03-20,Senado Federal,"Celebração do centenário do livro ""A Paraíba e seus problemas"", de autoria de José Américo de Almeida."
11,22,DIS,2024-03-20,Senado Federal,"Críticas àqueles Senadores que comemoraram o indiciamento do ex-Presidente da República Jair Bolsonaro pela suposta falsificação do cartão de vacinação, bem como às tentativas de relacionar esse fato aos atos de 8 de janeiro de 2023."
12,22,PL,2024-03-19,Senado Federal,"Indignação com as supostas violações e desdobramentos do Inquérito nº 4781, conhecido como Inquérito das ""Fake News"", em trâmite no STF há 5 ano."
13,22,DIS,2024-03-19,Senado Federal,"Críticas ao Inquérito nº 4781, conhecido como Inquérito das Fake News, em trâmite no STF há 5 anos, destacando a necessidade de equilíbrio entre a proteção contra a desinformação e a preservação dos direitos de expressão e de opinião."
14,22,DIS,2024-03-06,Senado Federal,Congratulações aos Deputados Estaduais do Espírito Santo que decidiram pela revogação da prisão preventiva de um parlamentar capixaba detido por descumprir medidas cautelares. Críticas às decisões do STF em julgamentos relativos aos atos de 8 de janeiro.
15,22,DIS,2024-03-05,Senado Federal,"Manifestação contrária à PEC da Blindagem, que estabelece a necessidade de autorização da Mesa do Congresso Nacional para ações policiais contra Parlamentares e outras medidas."
16,22,DIS,2024-02-07,Senado Federal,Defesa das prerrogativas constitucionais do STF e apelo para que haja ponderação nos debates legislativos sobre eventuais alterações no atual modelo da Suprema Corte brasileira.
17,22,DIS,2023-12-12,Senado Federal,"Comentários sobre audiência pública realizada na CCT para debater as implicações da tecnologia no processo eleitoral brasileiro e defesa de mecanismos que assegurem a transparência, a auditoria e a credibilidade das eleições."
18,22,DIS,2023-11-28,Senado Federal,"Alerta para o perigo da aprovação, sem a discussão adequada no Senado Federal, do Projeto de Lei nº 3626/2023, que regula as apostas esportivas de cota fixa no Brasil."
19,22,DIS,2023-11-28,Senado Federal,Comparação entre o crescimento do PIB e o gasto primário dos governos de 1992 até 2023.
20,22,DIS,2023-11-13,Senado Federal,"Elogio ao esforço da diplomacia brasileira para resgatar brasileiros na Faixa de Gaza e ponderação quanto às falas do Ministro de Relações Exteriores, Mauro Vieira, sobre o tema. Críticas ao Governo Federal por supostamente ser complacente com o ataque do grupo extremista
      Hamas."
21,22,DIS,2023-10-31,Senado Federal,Discurso de despedida de S. Exa. do exercício do mandato de Senadorda República.
22,22,DIS,2023-10-25,Senado Federal,"Manifestação favorável à derrubada dos vetos apresentados pelo Poder Executivo a trechos do Projeto de Lei no. 2903/2023, que fixa o marco temporal para as terras indígenas."
23,22,DIS,2023-10-17,Senado Federal,"Elogios ao Presidente do Senado Federal, Senador Rodrigo Pacheco, pela defesa das prerrogativas do Senado Federal no Fórum Esfera Internacional, em Paris. Considerações sobre o voto em separado proferido por S. Exa. na CPMI dos atos do dia 8 de janeiro, ressaltando a suposta omissão do Governo Federal em evitar o ocorrido."
24,22,DIS,2023-10-17,Senado Federal,"Considerações positivas sobre o discurso do Presidente do Senado Federal, Senador Rodrigo Pacheco, abordando a relação entre os Poderes da República, proferido no Fórum Esfera Internacional, em Paris."
25,22,DIS,2023-09-27,Senado Federal,"Destaque para a aprovação, pela CCJ, do Projeto de Lei no. 2903/2023, que trata do marco temporal para demarcação de terras indígenas. Críticas ao STF por suposta usurpação das competências legislativas do Congresso Nacional. Indignação com a decisão do Ministro Alexandre de Morais, que proibiu S.Exa. de se comunicar por meio das redes sociais."
26,22,DIS,2023-09-26,Senado Federal,"Considerações sobre a participação de S. Exa. no encontro do Grupo Liberdade e Democracia, em Buenos Aires, onde conheceu perseguidos políticos da América Latina. Defesa de manifestação do Brasil contrariamente às arbitrariedades cometidas no continente latino americano. Anúncio de requerimento a ser apresentado para oitiva no Senado Federal desses perseguidos."
27,22,DIS,2023-09-12,Senado Federal,"Breve histórico da tramitação da PEC nº 7/2018, destacando as lutas pelaigualdade de condições para a integração dos servidores dos ex-Territórios de Rondônia, Amapá e Roraima ao quadro da administração pública federal."
28,22,DIS,2023-08-30,Senado Federal,"Questionamentos acerca de um possível esforço por parte de integrantes do Governo para obstruir as investigações e dificultar o trabalho da CPMI dos atos do dia 8 de janeiro. Expectativa pela obtenção de maiores esclarecimentos com a oitiva do General Gonçalves Dias na Comissão. Análise do suposto não cumprimento, pelo Ministro da Justiça, de decisão do Ministro do STF Alexandre de Moraes quanto à entrega das imagens das câmeras de segurança referentes ao dia 8 de janeiro."
29,22,DIS,2023-08-30,Senado Federal,Indignação pelo fatiamento da transposição dos servidores do ex-Território Federal do Amapá para a União.
30,22,DIS,2023-08-15,Senado Federal,Satisfação com os resultados das eleições primárias na Argentina.
31,22,DIS,2023-08-08,Senado Federal,Repúdio às críticas que o Brasil tem recebido por desmatamento e emissão de gases causadores do efeito estufa.
32,22,DIS,2023-07-04,Senado Federal,Críticas ao Presidente Lula em virtude de discurso realizado no 26º encontro do Foro de São Paulo.
33,22,DIS,2023-06-20,Senado Federal,Registro da participação de S. Exa. em programas da BandNews e da Jovem PanNews para exposição sobre a CPI das ONGs. Destaque para a importância da investigação da atuação de ONGs na Região Amazônica que supostamente possuem ligações com uma agenda de intervenção geopolítica internacional.
34,22,DIS,2023-06-20,Senado Federal,Elogios à entrevista do Professor Mangabeira Unger à Folha de S. Paulo sobre os rumos que o Brasil deve tomar. Lamento pelo atentado ocorrido na escola de Cambé-PR. Defesa da realização das rodas terapêuticas nas escolas como prevenção à violência.
35,22,DIS,2023-06-14,Senado Federal,"Defesa da convocação do ex-Ministro do Gabinete de Segurança Institucional da Presidência da República, General Edson Gonçalves Dias, para prestar esclarecimentos à CPMI que investiga os ataques do dia 8 de janeiro e reflexão sobre a importância da correta apuração dos fatos ocorridos. Elogios ao trabalho da imprensa na cobertura dos fatos."
36,22,DIS,2023-06-13,Senado Federal,Considerações sobre a reassunção de S. Exa. ao mandato de Senador da República pelo Estado de Rondônia. Destaque para o posicionamento político de S. Exa. de oposição ao atual Governo.
37,22,DIS,2023-05-30,Senado Federal,"Censura à visita do Presidente da Venezuela, Nicolás Maduro, ao Brasil, com destaque para os impactos negativos da imigração de venezuelanos no Estado de Roraima."
38,22,DIS,2023-05-30,Senado Federal,Leitura de relatório da Agência Brasileira de Inteligência (Abin) sobre possíveis ações violentas na manifestação do dia 8 de janeiro. Ênfase para a suposta omissão por parte do Governo Federal e de outras instituições.
39,22,PL,2023-05-24,Senado Federal,"Comentário sobre a Medida Provisória (MPV) n° 1147, de 2022, Redução das alíquotas da contribuição para o PIS/Pasep e da Cofins incidentes no transporte aéreo de passageiros, que ""Altera a Lei nº 14.148, de 3 de maio de 2021, que instituiu o Programa Emergencial de Retomada do Setor de Eventos - Perse, e reduz a zero por cento as alíquotas da  contribuição para o Programa de Integração Social e o Programa de Formação do Patrimônio do Servidor Público - PIS/Pasep e da Contribuição para o Financiamento da Seguridade Social - Cofins incidentes sobre as receitas decorrentes da atividade de transporte aéreo regular de passageiros""."
40,22,PPP,2023-05-24,Senado Federal,"Como Relatora - Para proferir parecer sobre a Medida Provisória (MPV) n° 1147, de 2022, que ""Altera a Lei nº 14.148, de 3 de maio de 2021, que instituiu o Programa Emergencial de Retomada do Setor de Eventos - Perse, e reduz a zero por cento as alíquotas da  contribuição para o Programa de Integração Social e o Programa de Formação do Patrimônio do Servidor Público - PIS/Pasep e da Contribuição para o Financiamento da Seguridade Social - Cofins incidentes sobre as receitas decorrentes da atividade de transporte aéreo regular de passageiros""."
41,22,DIS,2023-05-24,Senado Federal,"Expectativa em torno da votação pelo Senado Federal do Projeto de Lei de Conversão nº 9, 2023, que instituiu o Programa Emergencial de Retomada do Setor de Eventos - Perse, e manifestação contrária à transferência de recursos do “Sistema S” para a Embratur incluída no texto do projeto pela Câmara dos Deputados."
42,22,DIS,2023-05-23,Senado Federal,Solidariedade ao Partido Podemos em razão da decisão do STF que rejeitou seu pedido de suspensão da Resolução nº 487 do CNJ.
43,22,DIS,2023-05-17,Senado Federal,Aplauso à nova política de preços de combustíveis adotada pela Petrobras.
44,22,DIS,2023-05-17,Senado Federal,Lamento pela derrubada do registro de candidatura pelo TSE e cassação do mandato parlamentar do Deputado Federal Deltan Dallagnol e expectativa de manifestação do Poder Legislativo sobre o caso.
45,22,DIS,2023-05-09,Senado Federal,"Alerta para a possível inconstitucionalidade das alterações realizadas pela Câmara dos Deputados na Medida Provisória nº 1147/2022, que legisla sobre redução a zero por cento das alíquotas da contribuição para o PIS/Pasep e da Cofins incidentes no transporte aéreo de passageiros."
46,22,DIS,2023-05-09,Senado Federal,"Insatisfação com a suposta demora e a forma adotada pela Ministra Esther Dweck, do Ministério da Gestão e da Inovação em Serviços Públicos, no processo de transposição de servidores do ex-território do Amapá para o quadro federal."
47,22,DIS,2023-05-09,Senado Federal,"Críticas à declaração do Ministro da Justiça, Flávio Dino, emitida na sessão da Comissão de Segurança Pública. Reprovação das condutas adotadas pelo Ministro Alexandre de Moraes, no tocante à relatoria dos processos decorrentes dos acontecimentos do dia 8 de janeiro de 2023, que supostamente desrespeitam a democracia."
48,22,DIS,2023-05-04,Senado Federal,Apelo em favor da regulamentação das apostas esportivas no Brasil.
49,22,DIS,2023-05-03,Senado Federal,"Críticas ao STF e ao Ministro Alexandre de Moraes pela condução do Inquérito nº 4781, que investiga notícias falsas contra os membros da Corte."
50,22,DIS,2023-04-25,Senado Federal,Manifestação contrária às declarações do Governo Federal acerca dos atos do dia 8 de janeiro de 2023. Relato de ações de S. Exª. com o intuito de fiscalizar e denunciar possíveis falhas e omissões de agentes públicos referentes a esses atos.
51,22,DIS,2023-04-04,Senado Federal,Lamento pelas questões ambientais que impedem a exploração do petróleo na costa norte do País. Críticas às organizações não governamentais (ONGs) estrangeiras que atuam na Amazônia. Defesa do desenvolvimento nacional pela ampliação da exploração do petróleo.
52,22,DIS,2023-03-29,Senado Federal,"Apoio à Marcha a Brasília em Defesa dos Municípios , cujo tema é “Pacto Federativo: um olhar para o futuro”; e defesa do municipalismo."
53,22,DIS,2023-03-29,Senado Federal,Homenagem ao Senador Astronauta Marcos Pontes por ocasião do aniversário da Missão Centenário.
54,22,DIS,2023-03-22,Senado Federal,"Preocupação com a descoberta de possível plano de organização criminosa para cometer ataques contra S. Exa. e sua família e com a escalada do crime organizado no País. Agradecimentos às autoridades públicas e às forças policiais pela atuação no caso. Defesa do Projeto de Lei nº 1307, de 2023 , de autoria de S. Exa., que visa em especial ampliar a proteção dos agentes públicos ou processuais envolvidos no combate ao crime organizado."
55,22,DIS,2023-03-21,Senado Federal,"Celebração do Dia Internacional da Síndrome de Down, com esclarecimentos sobre essa condição genética caracterizada pela existência de um cromossomo extra no par 21 e destaque para a importância da inclusão das pessoas com essa síndrome."
56,22,DIS,2023-03-16,Senado Federal,"Esclarecimentos sobre os propósitos dos parlamentares que defendem a aprovação da PEC nº  16/2019, que fixa em oito anos o mandato dos ministros do STF, sem direito à recondução. Defesa da instalação da CPI das ONGs. Apresentação de dados de acórdão do Tribunal de Contas da União (TCU) sobre contratos apoiados com recursos do Fundo da Amazônia e críticas à operacionalização desse fundo."
57,22,DIS,2023-03-14,Senado Federal,"Defesa do combate à corrupção no País, especialmente a Operação Lava Jato. Elogios ao Ministro do STF André Mendonça, por pedir vista em uma ação que questiona a constitucionalidade da Lei nº 13303/2016, chamada de Lei das Estatais. Pedido para aprofundar a discussão sobre a aprovação do Projeto de Lei nº 2896/2022, que revoga parcialmente a Lei das Estatais."
58,22,NID,2023-03-14,Senado Federal,Congratulações ao Senador Paulo Paim por sua reeleição na Presidência da Comissão de Direitos Humanos do Senado.
59,22,DIS,2023-03-07,Senado Federal,Preocupação com o aumento do número de ocupações de propriedades rurais pelo Movimento dos Trabalhadores Rurais sem Terra (MST) e cobrança de posicionamento imparcial do Governo Federal e do Judiciário com relação às invasões.
60,22,DIS,2023-03-07,Senado Federal,Destaque para a necessidade de reajuste dos subsídios das forças policiais do Distrito Federal em virtude da disparidade em relação à remuneração de outros estados.
61,22,DIS,2023-03-07,Senado Federal,Considerações sobre a importância de o Congresso Nacional debater a reforma política e uma reforma administrativa no País.
62,22,DIS,2023-02-28,Senado Federal,"Destaque para a necessidade de um maior aprofundamento na discussão relativa à questão ambiental no Brasil, especialmente no que tange à possibilidade de exploração dos recursos naturais da Amazônia."
63,22,DIS,2022-12-21,Senado Federal,Breve histórico do exercício do mandato de S. Exa. e discurso de despedida do cargo de Senador da República.
64,22,DIS,2022-12-21,Senado Federal,Discurso de despedida de S. Exa. do mandato de Senador da República e breve histórico de sua trajetória política no Congresso Nacional.
65,22,DIS,2022-12-21,Senado Federal,Discurso de despedida de S. Exa. do mandato de Senador da República.
66,22,DIS,2022-12-20,Senado Federal,Discurso de despedida de S. Exa. do mandato de Senadora da República e breve histórico de sua trajetória política.
67,22,DIS,2022-12-20,Senado Federal,"Discurso de despedida, balanço do mandato de S. Exa. e agradecimentos aos pares."
68,22,PL,2022-12-16,Congresso Nacional,"Cumprimentos aos Parlamentares da Frente Parlamentar da Agropecuária pelo acordo de procedimento que possibilitou a votação de derrubada e manutenção de vetos. Ponderação sobre os Vetos 37 e 45/2022, do interesse do Estado de Santa Catarina, para que sejam votados na próxima sessão do Congresso Nacional, juntamente com o Projeto de Lei Orçamentária Anual de 2023."
69,22,DIS,2022-12-14,Senado Federal,Discurso de despedida de S. Exª. do mandato de Senadora da República.
70,22,DIS,2022-12-14,Senado Federal,Discurso de despedida de S. Exª. do mandato de Senadora da República.
71,22,DIS,2022-12-14,Senado Federal,Retrospectiva dos mandatos de S. Exª. e despedida como Senador da República.
72,22,DIS,2022-12-13,Senado Federal,Discurso de despedida e breve relato da atuação de S. Exa. como Senadora da República durante o exercício de seus mandatos.
73,22,DIS,2022-12-13,Senado Federal,Discurso de despedida de S. Exa. do mandato de Senador da República.
74,22,DIS,2022-12-07,Senado Federal,Retrospectiva da vida pública e do mandato de S. Exa. como Senador da República e agradecimentos aos seus pares.
75,22,DIS,2022-12-06,Senado Federal,Breve histórico da atuação de S. Exa. como Senador da República durante os dois mandatos. Agradecimentos a todos que partilharam dessa trajetória. Expectativa de que os Senadores eleitos para a próxima Legislatura estejam à altura dos desafios a serem enfrentados.
76,22,DIS,2022-10-05,Senado Federal,Prestação de contas do trabalho de S. Exa. no exercício do mandato.
77,22,DIS,2022-06-08,Senado Federal,Reflexão sobre o Dia Nacional de Mobilização dos Homens pelo Fim da Violência contra as Mulheres. Destaque para a atuação parlamentar de S. Exa. em defesa dos direitos das mulheres.
78,22,DIS,2022-03-29,Senado Federal,"Destaque para a inauguração do Aquário do Pantanal, maior complexo de água doce do mundo, localizado em Campo Grande-MS. Homenagem póstuma ao arquiteto responsável pela obra, Sr. Ruy Ohtake."
79,22,DIS,2022-03-09,Senado Federal,"Preocupação com a repercussão econômica da guerra na Ucrânia para o País, em especial com a dependência brasileira dos fertilizantes russos, diante do possível desabastecimento desses insumos."
80,22,DIS,2021-08-05,Senado Federal,"Considerações sobre as Olimpíadas de Tóquio. Homenagem aos atletas brasileiros que se destacaram nos jogos olímpicos. Defesa da importância do esporte, da educação e da cultura para a promoção da inclusão social no País. Pedido de análise pela CCJ e pelo Plenário do PLS nº 68, de 2017, que dispõe sobre a Lei Geral do Esporte. Apelo ao setor privado por mais investimentos nos esportes olímpicos."
81,22,DIS,2020-02-18,Senado Federal,"Defesa da aprovação do Projeto de Lei do Congresso Nacional nº 1/2020, que prevê a recomposição salarial da Polícia Civil do Distrito Federal."
82,22,PL,2020-02-11,Senado Federal,"Expectativas quanto ao início dos trabalhos legislativos de 2020, com destaque para a importância das pautas de atualização do pacto federativo e da reforma tributária."
83,22,PL,2020-02-04,Senado Federal,Homenagem aos 90 anos do ex-Senador Pedro Simon.
84,22,DIS,2019-12-12,Senado Federal,Considerações sobre a decisão do STJ que definiu que os segurados do INSS têm direito à revisão do valor da aposentadoria considerando todo o histórico de contribuição do trabalhador.
85,22,DIS,2019-11-19,Senado Federal,"Reflexões sobre o Dia da Consciência Negra, comemorado em 20 de novembro."
86,22,DIS,2019-11-12,Senado Federal,"Crítica à possibilidade de suspenção da reforma da Previdência Social, por meio de um pedido de liminar no Supremo Tribunal Federal."
87,22,CIN,2019-11-06,Senado Federal,Destaque para os fatores que contribuem para o aumento do desemprego no Brasil.
88,22,DIS,2019-11-05,Senado Federal,"Defesa de proposições legislativas que ampliam a proteção das mulheres contra a violência de gênero, como a notificação compulsória por profissionais da saúde de casos de violência contra a mulher e a imprescritibilidade do feminicídio."
89,22,DIS,2019-11-05,Senado Federal,"Defesa da Proposta de Emenda à Constituição (PEC) nº 79, de 2019, que limita a taxa de juros cobrada pelas instituições financeiras a, no máximo, três vezes o valor da taxa básica de juros Selic. ."
90,22,DIS,2019-10-30,Senado Federal,Registro sobre negociação da divisão de aviação comercial da Empresa Brasileira de Aeronáutica (Embraer) com a Boeing.
91,22,DIS,2019-10-29,Senado Federal,Preocupação com a insegurança jurídica caso o Supremo Tribunal Federal decida em julgamento pela prisão somente após o trânsito em julgado da sentença penal.
92,22,PL,2019-10-29,Senado Federal,Comentários sobre o andamento de proposta legislativa no Senado para tratar das aposentadorias em razão da periculosidade.
93,22,DIS,2019-10-24,Senado Federal,"Homenagem à cidade de Goiânia, capital do Estado de Goiás, que hoje (24/10/2019) completa 86 anos."
94,22,DIS,2019-10-09,Senado Federal,"Registro acerca do Projeto de Lei da Câmara (PLC) nº 79/2016, sancionado pelo Presidente da República, que dispõe sobre o novo marco regulatório das telecomunicações."
95,22,PL,2019-09-25,Senado Federal,Satisfação com a avaliação positiva da Agência Nacional de Energia Elétrica no Brasil em recente relatório divulgado pela agência de avaliação de risco Standard and Poor’s.
96,22,PL,2019-08-27,Senado Federal,Registro dos esforços do Governo Federal para diversificar a matriz energética brasileira.
97,22,DIS,2019-08-07,Senado Federal,Expectativa que o Senado Federal realize debate aprofundado sobre a proposta da reforma da previdência. Críticas ao conteúdo da campanha publicitária do Governo Federal em torno da reforma da previdência.
98,22,DIS,2019-08-07,Senado Federal,Reflexões em torno dos 13 anos da sanção da Lei Maria da Penha e acerca das necessidades de avanços no combate à violência contra as mulheres.
99,22,PL,2019-07-02,Senado Federal,"Registro sobre divulgação de fatos envolvendo o ex-governador do Estado da Bahia (BA), Jaques Wagner, e o Procurador da República Deltan Dallagnol, quando este, de forma arbitrária, comandou ações investigativas em prejuízo daquele."
100,22,CIN,2019-06-12,Senado Federal,Elogios aos resultados alcançados pela Operação Lava Jato. Manifestação contrária a possíveis ilicitudes que podem ter ocorrido na operação.
101,22,DIS,2019-05-14,Senado Federal,"Posicionamento contrário, tanto no mérito quanto na forma, ao decreto que flexibiliza o porte de arma para diversas categorias."
102,22,DIS,2019-04-24,Senado Federal,Registro de sanção da lei que cria a Empresa Simples de Crédito.
103,22,DIS,2019-04-17,Senado Federal,"Insatisfação com a rejeição da emenda supressiva ao Projeto de Lei nº 1.321, de 2019, de S. Exª., a qual não permitiria doação de valores a partido político por comissionados."
104,22,DIS,2019-04-17,Senado Federal,Manifestação sobre os infortúnios que aconteceram no Brasil nos primeiros meses do ano. Insatisfação com a grave situação do déficit habitacional no País.
105,22,DIS,2019-04-17,Senado Federal,"Breve histórico da importância do escritor Monteiro Lobato na valorizaçãoe exploração do petróleo, durante o governo do ex-Presidente Getúlio Vargas. Defesa da suspensão do reajuste do preço do diesel pelo Presidente Jair Bolsonaro. Posicionamento favorável à ação do Governo Federal para diminuir o impacto do ICMS nos Estados, o que tornaria os impostos sobre os combustíveis mais justos."
106,22,DIS,2019-04-16,Senado Federal,Apelo ao Presidente do Senado Federal para instalação da Comissão Parlamentar de Inquérito (CPI) dos Tribunais Superiores diante da decisão do Supremo Tribunal Federal (STF) que impôs a retirada de reportagem da revista Crusoé e do site O Antagonista.
107,22,DIS,2019-04-04,Senado Federal,Preocupação com a lisura dos gastos públicos.
108,22,DIS,2019-03-28,Senado Federal,"Relato sobre a complexa situação em que se encontra o País nos âmbitos político, econômico e social."
109,22,PL,2019-02-21,Senado Federal,Prestação de contas da atuação de S.Exª a respeito da Comissão Parlamentar de Inquérito das cortes superiores.
110,22,DIS,2019-02-14,Senado Federal,"Satisfação por ter sido escolhido presidente da Comissão de Ciência, Tecnologia, Inovação, Comunicação e Informática (CCT) e agradecimentos ao partido de S. Exª, o Partido Progressista (PP), pela indicação. Destaque para a importância da ciência, da tecnologia e da inovação para o avanço econômico do País."
111,22,DIS,1998-12-15,Senado Federal,HOMENAGEM A MEMORIA DO SENADOR VILSON KLEINUBING. ANALISA A ECONOMIA E CULTURA DE SANTA CATARINA.
112,22,DIS,1998-05-27,Senado Federal,"APROVAÇÃO POR UNANIMIDADE, NA COMISSÃO DE CONSTITUIÇÃO, JUSTIÇA E    CIDADANIA, DO PROJETO DE LEI DA CAMARA 18, DE 1998, QUE DA O NOME DE AEROPORTO INTERNACIONAL DEPUTADO LUIS EDUARDO MAGALHÃES, AO          AEROPORTO INTERNACIONAL DE SALVADOR/BA."
113,22,DIS,1998-03-25,Senado Federal,"COMEMORAÇÃO DOS 100 ANOS DE NASCIMENTO DO EX-SENADOR LUIS CARLOS PRESTES, IMPORTANTE LIDER POLITICO BRASILEIRO."
114,22,DIS,1998-01-20,Senado Federal,"REFLEXÃO SOBRE O TURISMO NO PAIS, DESTACANDO A AUSENCIA DA EMBRATUR  NA ELABORAÇÃO DE PROJETOS E INVESTIMENTOS EM PROL DA REGIÃO          AMAZONICA."
115,22,DIS,1997-12-12,Senado Federal,COMEMORAÇÃO DO CENTENARIO DA CIDADE DE BELO HORIZONTE.
116,22,DIS,1997-12-10,Senado Federal,"CONSAGRAÇÃO COMO METROPOLITE DO BRASIL DE DOM DAMASKINOS MANSOUR,    ARCEBISPO METROPOLITANO DA IGREJA CATOLICA ORTODOXA DO BRASIL, EM    CERIMONIA REALIZADA NO ULTIMO DIA 7, NA CATEDRAL ORTODOXA DE SÃO     PAULO."
117,22,DIS,1997-11-12,Senado Federal,"DISCURSO DE DESPEDIDA DE S.EXA. DO SENADO FEDERAL, EM VIRTUDE DE SUA NOMEAÇÃO, PELO CONGRESSO NACIONAL, PARA O CARGO DE MINISTRO DO       TRIBUNAL DE CONTAS DA UNIÃO. ENCAMINHANDO A MESA RENUNCIA AO         MANDATO DE SENADOR DA REPUBLICA, PELA REPRESENTAÇÃO DO DISTRITO      FEDERAL."
118,22,DIS,1997-10-09,Senado Federal,"SOLICITANDO DA PRESIDENCIA ESCLARECIMENTOS SOBRE A ADEQUAÇÃO DA      REDAÇÃO FINAL DO SUBSTITUTIVO A PROPOSTA DE EMENDA A CONSTITUIÇÃO    33, DE 1996, EM VIRTUDE DA REJEIÇÃO DO DESTAQUE RELATIVO A QUESTÃO   DOS MILITARES, POR ENTENDER QUE O AJUSTE FEITO EM RELAÇÃO            ESPECIFICAMENTE AO INCISO 10 DO ARTIGO 42, NÃO ESTA DE ACORDO COM A  SUPRESSÃO QUE FOI VOTADA. (COMO LIDER)"
119,22,DIS,1997-10-01,Senado Federal,HOMENAGEM AO DIA NACIONAL DO VEREADOR.
120,22,DIS,1997-10-01,Senado Federal,HOMENAGEM AO DIA NACIONAL DO VEREADOR.
121,22,DIS,1997-09-18,Senado Federal,"PARABENIZANDO A INICIATIVA DA RADIO ELDORADO, DE SÃO PAULO, E DOS JORNAIS O ESTADO DE S.PAULO E O JORNAL DA TARDE, POR TEREM ABRAÇADO  A CAUSA DA AUTODETERMINAÇÃO DO POVO DO TIMOR LESTE, ANTIGA COLONIA PORTUGUESA NA ASIA. TRANSMISSÃO PELA RADIO ELDORADO, DUAS VEZES POR  SEMANA, DA PALAVRA DO DR. JOSE RAMOS HORTA, JUNTAMENTE COM O BISPO D. CARLOS XIMENES BELO. RELATO DO EMBAIXADOR IVAN CANNABRAVA SOBRE SUA VISITA A DILI, CAPITAL DO TIMOR LESTE, ONDE REGISTROU A PRESENÇA EM MASSA DE TROPAS INDONESIAS REGULARES E MILICIAS LOCAIS. DESCORTESIA COM QUE FORAM TRATADOS, PELO MINISTRO SERGIO MOTTA, SENADORES QUE FORAM AO MINISTERIO DAS COMUNICAÇÕES BUSCAR UMA SOLUÇÃO PARA A GREVE DOS TRABALHADORES DA EMPRESA BRASILEIRA DE CORREIOS E TELEGRAFOS."
122,22,DIS,1997-08-22,Senado Federal,"ESCLARECIMENTOS SOBRE NOTICIARIO DESABONADOR DA MIDIA, RELATIVAMENTE A DOIS SERVIDORES LOTADOS EM SEU GABINETE NO SENADO, QUE PRESTAM     SERVIÇOS A S.EXA. EM BELO HORIZONTE, EM TEMPO INTEGRAL. SITUAÇÃO     DE PENURIA DO VALE DO JEQUITINHONHA, O QUAL CLAMA POR UMA            OPORTUNIDADE DE DESENVOLVIMENTO. DEFESA DA APROVAÇÃO NA CAMARA DOS   DEPUTADOS DE PROJETO DE LEI DA SENADORA JUNIA MARISE, DISPONDO SOBRE A INCLUSÃO DO VALE DO JEQUITINHONHA NA AREA DE ATUAÇÃO DA SUDENE."
123,22,DIS,1997-08-21,Senado Federal,"CONSIDERAÇÕES SOBRE A LEI ELEITORAL, EM APRECIAÇÃO NA CAMARA DOS     DEPUTADOS, QUE ESTA SOB A RELATORIA DO DEPUTADO CARLOS APOLINARIO.   CONGRATULANDO-SE COM O PRONUNCIAMENTO DO SENADOR JOSE SARNEY, ONTEM, NO PLENARIO DESTA CASA, RELATIVAMENTE AS PRESSÕES DA ARGENTINA       CONTRARIAS AO INGRESSO DO BRASIL NO CONSELHO DE SEGURANÇA DA ONU.    ASSINATURA, PELO PRESIDENTE FERNANDO HENRIQUE CARDOSO, NO ULTIMO DIA 25 DE JULHO, DO PROTOCOLO DE INICIO DA CONSTRUÇÃO DO GASODUTO        BRASIL-BOLIVIA."
124,22,DIS,1997-08-20,Senado Federal,HOMENAGEM AO DIA DO MAÇOM.
125,22,DIS,1997-07-24,Senado Federal,"ELUCIDAÇÃO DE FATOS LAMENTAVEIS QUE SO ESTÃO SERVINDO PARA APEQUENAR OS TRABALHOS DA CPI DOS PRECATORIOS, NO MOMENTO DO ENCERRAMENTO DE   SUAS ATIVIDADES."
126,22,DIS,1997-07-09,Senado Federal,65 ANOS DA REVOLUÇÃO CONSTITUCIONALISTA DE 1932.
127,22,DIS,1997-06-12,Senado Federal,HOMENAGEIA OS 175 ANOS DA MAÇONARIA NO BRASIL.
128,22,DIS,1997-05-27,Senado Federal,"ESCLARECIMENTOS SOBRE AS DENUNCIAS DO SR. PAULO TARSO VENCESLAU, QUE ACUSA A DIREÇÃO DO PT DE SER CONIVENTE COM UM ESQUEMA DE CORRUPÇÃO."
129,22,DIS,1997-05-21,Senado Federal,"AFASTAMENTO DE SUA EXA. DO MANDATO SENATORIAL PARA ASSUMIR O MINISTERIO DA JUSTIÇA, A CONVITE DO PRESIDENTE DA REPUBLICA."
130,22,DIS,1997-03-11,Senado Federal,"DENUNCIANDO A CASA A EXISTENCIA DE UMA CARTA DE INTENÇÕES DE UMA     FIRMA DE SÃO PAULO, CHAMADA ADS, E UM CONTRATO DE ADESÃO FIRMADO     PELOS DIRETORES DO BANCO VETOR, VISANDO IMPEDIR O FUNCIONAMENTO      DA COMISSÃO PARLAMENTAR DE INQUERITO DOS PRECATORIOS OU              DESACREDITA-LA."
131,22,DIS,1996-07-09,Senado Federal,"DADOS FALHOS DIVULGADOS PELA EMPRESA CONTRATADA PELO GOVERNO PARA    FAZER PROPAGANDA DO PLANO REAL, NOS SEUS DOIS ANOS."
132,22,DIS,1996-07-01,Senado Federal,"EQUIVOCOS DO PLANO REAL. DEFESA DA PEQUENA E MICROEMPRESA. ANALISE   DA QUESTÃO AGRICOLA. ELOGIANDO O PROGRAMA DE AGRICULTURA FAMILIAR,   ANUNCIANDO PELO GOVERNO FEDERAL."
133,22,DIS,1996-06-13,Senado Federal,"CONGRATULANDO-SE COM O DEPUTADO GERMANO RIGOTTO PELA ENTREGA DE SEU  RELATORIO NA COMISSÃO DE FINANÇAS E TRIBUTAÇÃO FAVORAVEL AO PROJETO  DE LEI DO SENADO 80, DE 1991 (2.561/92, NA CAMARA DOS DEPUTADOS),    QUE INSTITUI O PROGRAMA DE GARANTIA DE RENDA MINIMA (PGRM), E DA     OUTRAS PROVIDENCIAS. LASTIMANDO AS MORTES OCORRIDAS NO CONFLITO      ENTRE TRABALHADORES RURAIS E OS RESPONSAVEIS PELO IMOVEL INVADIDO NO ULTIMO DIA 11, NO MUNICIPIO DE SANTA LUZIA, DISTRITO DE BURITICUPU,  ESTADO DO MARANHÃO."
134,22,DIS,1996-04-18,Senado Federal,"REPUDIO A CHACINA DE TRABALHADORES SEM-TERRA NO MUNICIPIO DE         ELDORADO DOS CARAJAS, NO ESTADO DO PARA. CRITICAS AO GOVERNADOR DO   PARA, SR. ALMIR GABRIEL, PELO ENVIO DE POLICIAIS MILITARES           DESPREPARADOS PARA A AREA DE CONFLITO. ENCAMINHANDO A MESA           REQUERIMENTO SOLICITANDO A CRIAÇÃO DE UMA COMISSÃO EXTERNA DO        SENADO FEDERAL, DESTINADA A AVERIGUAR, IN LOCO, A OCORRENCIA         VIOLENTA EM QUE FORAM VITIMADOS CERCA DE 40 TRABALHADORES RURAIS."
135,22,DIS,1996-02-26,Senado Federal,RAZÕES PARA A APRESENTAÇÃO DE PROJETO DE LEI DISPONDO SOBRE A        LEGALIZAÇÃO DO ABORTO.
136,22,DIS,1996-02-26,Senado Federal,"BUSCA DA TRANSPARENCIA NOS TRABALHOS DA COMISSÃO DO PROER, SOB       SUA PRESIDENCIA, QUE VISA A FUSÃO E SALVAMENTO DE BANCOS EM          DIFICULDADES."
137,22,DIS,1996-02-08,Senado Federal,"POSIÇÃO, DE S.EXA. QUANTO A SUA FILIAÇÃO PARTIDARIA. COMENTANDO      NOTICIA PUBLICACA NO JORNAL FOLHA DE S.PAULO, COLUNA PAINEL,         INTITULADA MEXENDO EM VESPEIRO, ACERCA DA REJEIÇÃO DE S.EXA. PELO    PSDB NO MARANHÃO. DESMENTINDO O SEU POSSIVEL INGRESSO NO PSDB."
138,22,DIS,1996-02-05,Senado Federal,ABORDAGEM SOBRE O SALARIO-EDUCAÇÃO.
139,22,DIS,1996-01-25,Senado Federal,ENTREGA DE ESTUDOS DA SBPC SOBRE O SIVAM AO PRESIDENTE DA            SUPERCOMISSÃO QUE ESTUDA O REFERIDO PROJETO.
140,22,DIS,1995-12-13,Senado Federal,HISTORICO DOS FATORES GERADORES DA CRISE DA AGRICULTURA. ESFORÇOS E SUGESTÕES DA COMISSÃO PARLAMENTAR MISTA DE INQUERITO DESTINADA A APRECIAR O ENDIVIDAMENTO DO SETOR.
141,22,DIS,1995-11-20,Senado Federal,"HOMENAGENS POSTUMAS AO DIRETOR-PRESIDENTE E PROPRIETARIO DO GRUPO    MANCHETE, SR. ADOLPHO BLOCH."
142,22,DIS,1995-11-01,Senado Federal,"PARTICIPAÇÃO DE S.EXA. NO ENCONTRO DE PRESIDENTES DE PARTIDOS        POLITICOS DA AMERICA, REALIZADO NO CHILE."
143,22,DIS,1995-09-21,Senado Federal,REDARGUINDO PRONUNCIAMENTO DA SRA. MARINA SILVA SOBRE TROCA DE       FAVORES POLITICOS ENTRE O GOVERNADOR DO ACRE E O PFL.
144,22,DIS,1995-08-15,Senado Federal,MANIFESTAÇÃO DE REGOZIJO PELA ELEIÇÃO DO SENADOR FERNANDO BEZERRA    PARA A PRESIDENCIA DA CONFEDERAÇÃO NACIONAL DA INDUSTRIA (CNI).
145,22,DIS,1995-08-15,Senado Federal,PREOCUPAÇÃO COM OS EFEITOS DA POLITICA DE ANTICONSUMO DO GOVERNO.
146,22,DIS,1995-08-04,Senado Federal,"DENUNCIAS, PELA IMPRENSA, DE LOTEAMENTO DE CARGOS PUBLICOS."
147,22,DIS,1995-08-04,Senado Federal,"OPINIÃO PUBLICA MAIS FAVORAVEL AO CONGRESSO NACIONAL, EM VIRTUDE DAS MODIFICAÇÕES NA CONDUÇÃO DE SEUS TRABALHOS. GRAVIDADE DA SITUAÇÃO DO SETOR AGRICOLA NO ESTADO DO TOCANTINS, TENDO EM VISTA AS ALTAS TAXAS DE JUROS BANCARIAS E O ATENDIMENTO INSATISFATORIO DO BANCO DO BRASIL AOS AGRICULTORES."
148,22,DIS,1995-06-21,Senado Federal,GRANDES PREJUIZOS ECONOMICOS E SOCIAIS CAUSADOS PELO ESTADO PRECARIO DAS RODOVIAS NO PAIS.
149,22,DIS,1995-06-19,Senado Federal,"REPUDIO A NOTICIA PUBLICADA NO JORNAL 'CORREIO BRAZILIENSE' SOBRE    IRREGULARIDADES PRATICADAS NA SUDENE, DURANTE A GESTÃO DO DEPUTADO   CASSIO CUNHA LIMA NA SUPERINTENDENCIA DAQUELE ORGÃO."
150,22,DIS,1995-06-14,Senado Federal,SOLUÇÕES PARA RENEGOCIAÇÃO DA DIVIDA DOS PRODUTORES RURAIS.
151,22,DIS,1995-06-14,Senado Federal,A PREVIDENCIA SOCIAL NOS MUNICIPIOS A PARTIR DA CONSTITUIÇÃO DE      1988.
152,22,DIS,1995-06-13,Senado Federal,APRECIAÇÃO PELO SENADO FEDERAL DAS EMENDAS CONSTITUCIONAIS DO        GOVERNO.
153,22,DIS,1995-06-13,Senado Federal,"DANDO CONHECIMENTO A CASA DO TEOR INTEGRAL DA SENTENÇA DO JUIZ DE DIREITO, SR. EDUARDO DE ALMEIDA PRADO ROCHA DE SIQUEIRA, DA 28ª VARA CIVEL DE SÃO PAULO, A AÇÃO CAUTELAR IMPETRADA POR S.EXA. CONTRA CLAUDIO HUMBERTO ROSA E SILVA, GERAÇÃO EDITORIAL E BRASILIVROS EDITORA, DISTRIBUIDORA LTDA, POR DANOS MORAIS A SUA IMAGEM EM CONSEQUENCIA DE ALUSÕES FALSAS E MALDOSAS VEICULADAS PELA OBRA MIL DIAS DE SOLIDÃO."
154,22,DIS,1995-06-07,Senado Federal,JUSTIFICANDO O DESLIGAMENTO DE S.EXA. DO PARTIDO LIBERAL (PL).
155,22,DIS,1995-06-01,Senado Federal,HOMENAGEM AO CINQUENTENARIO DO TRIBUNAL SUPERIOR ELEITORAL-TSE.
156,22,DIS,1995-05-30,Senado Federal,"EXPLANAÇÃO DO PRESIDENTE DA CAIXA ECONOMICA FEDERAL, DR. SERGIO      CUTOLO, NA COMISSÃO DE ASSUNTOS ECONOMICOS SOBRE A SITUAÇÃO ATUAL DA CAIXA."
157,22,DIS,1995-05-30,Senado Federal,EXPECTATIVAS DE ENTENDIMENTO ENTRE O GOVERNO E OS PETROLEIROS EM     GREVE.
158,22,DIS,1995-05-16,Senado Federal,"CONSIDERAÇÕES SOBRE A VALIDADE DO ACORDO FEITO PELO EX-PRESIDENTE    ITAMAR FRANCO COM OS PETROLEIROS E A RECENTE PARALISAÇÃO DAQUELES    TRABALHADORES, JULGADA ILEGAL PELO TRIBUNAL SUPERIOR DO TRABALHO."
159,22,DIS,1995-04-25,Senado Federal,HOMENAGEM AOS 30 ANOS DE FUNDAÇÃO DA REDE GLOBO DE TELEVISÃO.
160,22,DIS,1995-04-24,Senado Federal,ANALISE DO SISTEMA FEDERATIVO NO BRASIL.
161,22,DIS,1995-04-19,Senado Federal,"EM DISCURSO DE ESTREIA, ENUMERA AS POTENCIALIDADE DO ESTADO DE       GOIAS."
162,22,DIS,1995-04-11,Senado Federal,ANALISE DO PROJETO SIVAM.
163,22,DIS,1995-04-06,Senado Federal,PREMENCIA DO CUMPRIMENTO DAS MODESTAS METAS DE REFORMA AGRARIA ESTABELECIDAS PELO SR. FERNANDO HENRIQUE CARDOSO.
164,22,DIS,1995-04-06,Senado Federal,"CONSIDERAÇÕES SOBRE O ARTIGO INTITULADO 'O DIARIO DE UM ASSASSINO',  DO ARTICULISTA GILBERTO DIMENSTEIN, PUBLICADO NO JORNAL 'FOLHA DE    S.PAULO', EDIÇÃO DE HOJE."
165,22,DIS,1995-04-05,Senado Federal,"EM PRIMEIRO PRONUNCIAMENTO DE S.EXA. NA TRIBUNA DO SENADO, RELATA AS VIRTUDES DO POVO CATARINENSE, BEM COMO A PREMENCIA NA SOLUÇÃO DAS    GRAVES QUESTÕES SOCIAIS DO ESTADO."
166,22,DIS,1995-03-29,Senado Federal,DEFESA DO PLANO REAL. REFERENCIAS AO QUADRO ECONOMICO INTERNACIONAL  E SUA REPERCUSSÃO NA ESTABILIZAÇÃO ECONOMICA DO PAIS. OS OBSTACULOS  E A NECESSIDADE DA URGENTE REFORMA A CONSTITUIÇÃO.
167,22,DIS,1995-03-28,Senado Federal,"DESIGUALDADES REGIONAIS NO PAIS, PRINCIPALMENTE NOS SETORES          ECONOMICO E SOCIAL."
168,22,DIS,1995-03-22,Senado Federal,"EM DISCURSO DE ESTREIA, AGRADECE A ACOLHIDA RECEBIDA DOS COLEGAS     E ENALTECE O PAPEL DO SENADO FEDERAL PARA A DEMOCRACIA               BRASILEIRA."
169,22,DIS,1995-03-15,Senado Federal,"TRANSCRIÇÃO DO DISCURSO PROFERIDO PELO SENADOR DARCY RIBEIRO DURANTE A HOMENAGEM PRESTADA A S.EXA. PELA UNIVERSIDADE DE BRASILIA, HOJE    PELA MANHÃ."
170,22,DIS,1995-01-31,Senado Federal,AGRADECENDO E DESPEDINDO-SE DE SEUS PARES E COLABORADORES NESTA      CASA.
171,22,DIS,1995-01-31,Senado Federal,"COMENTARIOS E ESCLARECIMENTOS QUANTO AO ARTIGO PUBLICADO NO JORNAL   DO BRASIL, EDIÇÃO DE 21 DE JANEIRO DO CORRENTE, SOB O TITULO MORTO-  VIVO GARANTIU A VITORIA DE ROSEANA, SOBRE A FARSA FABRICADA PARA     CULPAR S.EXA. DE CRIME QUE NÃO COMETEU, E QUANTO A OUTROS            ACONTECIMENTOS DURANTE A ULTIMA CAMPANHA PARA O GOVERNO DO ESTADO."
172,22,DIS,1995-01-31,Senado Federal,"CONSIDERAÇÕES SOBRE AS RECENTES DECLARAÇÕES DO EMBAIXADOR SERGIO     AMARAL, NA QUALIDADE DE PORTA-VOZ DA PRESIDENCIA DA REPUBLICA, NO    SENTIDO DE NÃO CONSIDERAR NECESSARIO SUBMETER A PREVIA APROVAÇÃO DO  SENADO FEDERAL A PARTICIPAÇÃO DO BRASIL NO QUE SE DENOMINOU AJUDA    FINANCEIRA AO MEXICO, FERINDO, ASSIM, O DISPOSTO NO ARTIGO 52,       INCISO V, DA CONSTITUIÇÃO FEDERAL."
173,22,DIS,1995-01-30,Senado Federal,PRESENÇA EM PLENARIO DA PROFESSORA LAURA NEVES. DESPEDIDA DE S.EXA.  DO SENADO FEDERAL.
174,22,DIS,1995-01-27,Senado Federal,"ESCLARECIMENTOS ACERCA DE NOTA DO JORNALISTA JOÃO EMILIO FALCÃO:     ITAMAR FRANCO E UM FORTE COM PINTA DE FRACO. FERNANDO HENRIQUE       CARDOSO E UM FRACO COM PINTA DE FORTE, PUBLICADA NA COLUNA DE LUIZ   CLAUDIO CUNHA, DO JORNAL CORREIO BRAZILIENSE, EDIÇÃO DE HOJE.        CONSIDERAÇÕES SOBRE A SONEGAÇÃO DE IMPOSTOS NO BRASIL."
175,22,QO,1995-01-25,Senado Federal,"SUSCITANDO QUESTÃO DE ORDEM, NA QUALIDADE DE RELATOR DA MATERIA,     SOBRE A NÃO APRECIAÇÃO, PELO PLENARIO DA CASA, DO PROJETO DE LEI DE  DIRETRIZES E BASES DA EDUCAÇÃO."
176,22,DIS,1995-01-25,Senado Federal,CRITICAS A INERCIA DO CONGRESSO NACIONAL QUANTO A FREQUENTES         REEDIÇÕES DE MEDIDAS PROVISORIAS PELO EXECUTIVO.
177,22,DIS,1995-01-25,Senado Federal,"APELO, NA QUALIDADE DE CANDIDATO A PRESIDENCIA DO CONGRESSO          NACIONAL, AOS SRS. SENADORES JOSE SARNEY E IRIS REZENDE, TAMBEM      CANDIDATOS, COMO ELE, PELO PMDB, PARA QUE PARTICIPEM DO DEBATE       PROPOSTO PELOS SRS. JOSAPHAT MARINHO E EDUARDO SUPLICY."
178,22,DIS,1995-01-24,Senado Federal,"O USO DO BANCO DO BRASIL PARA PAGAMENTO E FINANCIAMENTO DE HOSPITAIS PRIVADOS CREDENCIADOS AO SISTEMA UNICO DE SAUDE. CONTRARIO A         PRIVATIZAÇÃO DE EMPRESAS FORNECEDORAS DE BENS E SERVIÇOS ESSENCIAIS  A POPULAÇÃO, COMO AGUA, LUZ E TELEFONE E SANEAMENTO BASICO.          CONTRARIO A ESTADUALIZAÇÃO DO SALARIO MINIMO, POR PERPETUAR AS       DESIGUALDADES REGIONAIS."
179,22,DIS,1995-01-19,Senado Federal,DISCURSO DE APRESENTAÇÃO DE S.EXA. E DE HOMENAGEM AO EX-SENADOR      MARCO MACIEL.
180,22,DIS,1995-01-18,Senado Federal,HOMENAGEM AO SENADOR NELSON CARNEIRO. DESPEDIDA DE S.EXA. DO SENADO  FEDERAL.
181,22,DIS,1995-01-18,Senado Federal,DISCURSO DE DESPEDIDA DE S.EXA DO SENADO FEDERAL.
182,22,DIS,1995-01-13,Senado Federal,INCONSTITUCIONALIDADE DE MEDIDAS PROVISORIAS REEDITADAS.
183,22,DIS,1995-01-11,Senado Federal,"PONDERAÇÕES SOBRE O COMPORTAMENTO DO SENADO FEDERAL NO FATO POLITICO OCORRIDO ONTEM, QUANDO DA APROVAÇÃO DE NOMES DE AUTORIDADES DO BANCO CENTRAL E DE EMBAIXADORES."
184,22,DIS,1995-01-05,Senado Federal,PROPOSTA DE PARCELAMENTO DO REAJUSTE DOS SALARIOS DOS SERVIDORES     PUBLICOS CIVIS E MILITARES.
185,22,DIS,1995-01-05,Senado Federal,"CONGRATULANDO-SE COM O MINISTRO DA SAUDE, SR. HENRIQUE SANTILLO,     PELA ASSINATURA DE PORTARIA IMPONDO VARIAS RESTRIÇÕES A VEICULAÇÃO   DE IMAGENS DE FUMANTES E DE PROPAGANDA DE CIGARROS. TRANSCRIÇÃO DA   NOTICIA INTITULADA MINISTERIO ABRE GUERRA CONTRA O CIGARRO,          PUBLICADA NO JORNAL CORREIO BRAZILIENSE DO DIA 4 DE JANEIRO."
186,22,DIS,1995-01-05,Senado Federal,"MANIFESTAÇÃO CONTRARIA DE S.EXA AOS ATOS DO GOVERNO DA RUSSIA PELO   BOMBARDEAMENTO DA CHECHENIA. CRITICAS A EDIÇÃO, PELO GOVERNO         FEDERAL, DE MEDIDA PROVISORIA DISPONDO SOBRE A PARTICIPAÇÃO DOS      EMPREGADOS DAS EMPRESAS, QUANDO O DEVERIA TER FEITO ATRAVES DE       PROJETO DE LEI."
187,22,DIS,1994-12-21,Senado Federal,RETROSPECTIVA POLITICA DO PAIS NESSES DOIS ULTIMOS ANOS. PAPEL DO    CONGRESSO NACIONAL PARA O SUCESSO DO PROXIMO GOVERNO. EXPECTATIVAS   DE S.EXA. QUANTO AO GOVERNO FERNANDO HENRIQUE CARDOSO.
188,22,DIS,1994-12-20,Senado Federal,DESPEDIDA DE S.EXA. DESTACANDO O DESEMPENHO DO SENADO FEDERAL.
189,22,DIS,1994-12-20,Senado Federal,RELATANDO OS FATOS QUE MARCARAM SUA LONGA TRAJETORIA POLITICO - PARTIDARIA. APRESENTANDO SUAS DESPEDIDAS E AGRADECIMENTOS AOS SEUS   PARES E COLABORADORES.
190,22,DIS,1994-12-07,Senado Federal,"DESPEDINDO-SE DO SENADO, JA QUE EM BREVE ASSUMIRA O CARGO DE         MINISTRO DO SUPREMO TRIBUNAL FEDERAL."
191,22,DIS,1994-12-07,Senado Federal,"IMAGEM DO CONGRESSO NACIONAL PERANTE A OPINIÃO PUBLICA QUANTO A      APRESENTAÇÃO DO PROJETO DE LEI DO SENADO 88/94, QUE CONCEDE, NA      FORMA DO ARTIGO 48, DO INCISO VII, DA CONSTITUIÇÃO FEDERAL, ANISTIA  AOS CANDIDATOS AS ELEIÇÕES DE 1994, PROCESSADOS OU CONDENADOS COM    FUNDAMENTO NA LEGISLAÇÃO ELEITORAL EM VIGOR. CRITICANDO PROCEDIMENTO DE REALIZAÇÃO DE SESSÃO EXTRAORDINARIA SEM CONVOCAÇÃO PREVIA."
192,22,DIS,1994-12-06,Senado Federal,OPÇÃO POPULAR PELA DEMOCRACIA CONFIRMADA NO ULTIMO PLEITO.           APRESENTANDO SUAS DESPEDIDAS A CASA TENDO EM VISTA APROXIMIDADE DO   TERMINO DE SEU MANDATO.
193,22,DIS,1994-12-01,Senado Federal,HOMENAGEM AO SR. ROBERTO MARINHO PELO TRANSCURSO DOS SEUS 90 ANOS.
194,22,DIS,1994-11-22,Senado Federal,DESAFIOS E PERSPECTIVAS DO GOVERNO DE CENTRO-ESQUERDA DE FERNANDO    HENRIQUE CARDOSO.
195,22,DIS,1994-06-22,Senado Federal,"PERSEGUIÇÕES POLITICAS QUE VEM SOFRENDO EM SERGIPE, DESDE QUE        TROCOU O PFL PELO PMN, CULMINANDO COM O PEDIDO DE IMPUGNAÇÃO DE SUA  CANDIDATURA."
196,22,DIS,1994-05-11,Senado Federal,SOLIDARIEDADE AO SENADOR ESPERIDIÃO AMIN. PREOCUPAÇÃO COM A ETICA NAS CAMPANHAS PARA A SUCESSÃO PRESIDENCIAL.
197,22,DIS,1994-04-20,Senado Federal,"DEFENDENDO-SE DE ACUSAÇÕES LEVIANAS PUBLICADAS EM MATERIAS DA REVISTA 'ISTOE', E DO JORNAL O ESTADO DO MARANHÃO, DE PROPRIEDADE DO SENADOR JOSE SARNEY."
198,22,DIS,1994-03-17,Senado Federal,"INAUGURAÇÃO DO HOSPITAL SARAH KUBITSCHEK, EM SALVADOR-BA."
199,22,DIS,1994-03-07,Senado Federal,DESPEDIDA DE S.EXA. POR OCASIÃO DE SUA ASSUNÇÃO AO MINISTERIO DO     PLANEJAMENTO.
200,22,DIS,1994-03-07,Senado Federal,COMENTARIO SOBRE UMA POSSIVEL ALIANÇA ENTRE O PSDB E O PFL.          RELATORIO DA SITUAÇÃO MUNDIAL DA INFANCIA.
201,22,DIS,1994-02-28,Senado Federal,"CONSIDERAÇÕES SOBRE AS MEDIDAS PROVISORIAS 433 E 434, DE 1994, QUE   TRATAM DO ABONO AO FUNCIONALISMO PUBLICO E DA CRIAÇÃO DA URV."
202,22,DIS,1994-02-21,Senado Federal,"APOIO A SUGESTÃO DO PRESIDENTE DO CONGRESSO NACIONAL, SENADOR        HUMBERTO LUCENA, DE AGILIZAR O ANDAMENTO DOS TRABALHOS DA REVISÃO    CONSTITUCIONAL EM DOIS FINS-DE-SEMANA CONSECUTIVOS DE ESFORÇO        CONCENTRADO."
203,22,DIS,1994-02-10,Senado Federal,"PROTESTO CONTRA DISPOSITIVO DO FUNDO SOCIAL DE EMERGENCIA, APROVADO  EM PRIMEIRO TURNO, QUE DESFAZ A VINCULAÇÃO CONSTITUCIONAL QUE OBRIGA A UNIÃO, OS ESTADOS E OS MUNICIPIOS REPASSAREM PARCELA DA            ARRECADAÇÃO FISCAL PARA A EDUCAÇÃO."
204,22,DIS,1993-12-20,Senado Federal,INDIGNAÇÃO DO ORADOR PELO CONTEUDO HEDONISTA DO ATUAL ANUNCIO DA     CAIXA ECONOMICA FEDERAL VEICULADO NAS PRINCIPAIS REDES DE TELEVISÃO.
205,22,DIS,1993-12-08,Senado Federal,"ANALISE, CONSEQUENCIA E PRORROGAÇÃO DO JULGAMENTO DO MANDADO DE      SEGURANÇA INTERPOSTO PELO EX-PRESIDENTE FERNANDO COLLOR, JUNTO AO    STF."
206,22,DIS,1993-11-25,Senado Federal,"REFLEXÕES SOBRE A CORRUPÇÃO E A IMPUNIDADE NO BRASIL. A NECESSIDADE  DE UMA REVOLUÇÃO ETICA. EXPECTATIVAS DIANTE DA DECISÃO DO SUPREMO    TRIBUNAL FEDERAL AO RECURSO DO EX-PRESIDENTE FERNANDO COLLOR A       DECISÃO DO SENADO EM PROSSEGUIR O SEU JULGAMENTO DE IMPEACHMENT APOS A SUA RENUNCIA, MARCADA PARA O PROXIMO DIA 8."
207,22,DIS,1993-11-18,Senado Federal,"CONSIDERAÇÕES SOBRE O PRONUNCIAMENTO DO SENADOR JOSE SARNEY,         PROFERINDO NA SESSÃO DE ONTEM CONTESTANDO AS DENUNCIAS DE CORRUPÇÃO  CONTRA SUA PESSOA."
208,22,DIS,1993-10-28,Senado Federal,REFUTANDO A INCLUSÃO DE SEU NOME EM DENUNCIAS DO EX-SERVIDOR DO SENADO JOSE CARLOS ALVES DOS SANTOS SOBRE A EXISTENCIA DE UM ESQUEMA DE CORRUPÇÃO NA COMISSÃO MISTA DE ORÇAMENTO DO CONGRESSO NACIONAL.
209,22,DIS,1993-09-21,Senado Federal,"COLOCAÇÕES SOBRE DECLARAÇÕES FEITAS A IMPRENSA PELO PRESIDENTE DA    CAMARA, DEPUTADO INOCENCIO OLIVEIRA, A RESPEITO DA REVISÃO           CONSTITUCIONAL."
210,22,DIS,1993-08-31,Senado Federal,"REBATENDO ATAQUES CALUNIOSOS DE DEPUTADOS A SUA PESSOA, PUBLICADOS NO JORNAL DO BRASIL, DE 22-8-93 SOB O TITULO 'DEIXAR A COMIDA APODRECER E UM BOM NEGOCIO', NO QUAL SÃO ATRIBUIDAS A S.EXA. RESPONSABILIDADES PELO ESTRAGO E SUMIÇO DE GRÃOS ARMAZENADOS, DOS ESTOQUES REGULADORES DO GOVERNO."
211,22,DIS,1993-08-26,Senado Federal,MOVIMENTO CIVICO CONTRA A REVISÃO CONSTITUCIONAL.
212,22,DIS,1993-08-19,Senado Federal,"CONSIDERAÇÕES SOBRE ATITUDES DESRESPEITOSAS E ANTIDEMOCRATICAS       MANIFESTADAS PELOS OCUPANTES DAS GALERIAS DO PLENARIO DO CONGRESSO   NACIONAL, DURANTE SESSÃO NA NOITE DE ONTEM."
213,22,DIS,1993-08-19,Senado Federal,"CRISE COMPORTAMENTAL DA SOCIEDADE BRASILEIRA. ACONTECIMENTOS         OCORRIDOS NA SESSÃO DE ONTEM DO CONGRESSO NACIONAL, POR OCASIÃO DA   VOTAÇÃO DO REAJUSTE SALARIAL."
214,22,DIS,1993-08-16,Senado Federal,"CONSIDERAÇÕES SOBRE O TEXTO DA MEDIDA PROVISORIA 340, DE 31-1-93, QUE DEFINE A NOVA POLITICA SALARIAL DO GOVERNO."
215,22,DIS,1993-08-12,Senado Federal,"COMENTARIOS AO RELATORIO RESERVADO DA COSIPA, CONCLUIDO PELO         MINISTRO DAS MINAS E ENERGIA, SR. PAULINO CICERO."
216,22,DIS,1993-08-10,Senado Federal,"DECLARAÇÕES DO SENADOR ESPERIDIÃO AMIN, PUBLICADAS NA IMPRENSA,      SOBRE A CONSTITUIÇÃO DE UMA CPI PARA INVESTIGAR AS ATIVIDADES DO PT. FALTA DE CONCORRENCIA PARA A IMPLANTAÇÃO DE TELEFONIA MOVEL EM       RIBEIRÃO PRETO-SP. CREDIBILIDADE DO PT, EM FACE DA SERIEDADE COM QUE SÃO APURADAS AS MAIS DIVERSAS DENUNCIAS FORMULADAS PELOS CIDADÃOS    BRASILEIROS."
217,22,DIS,1993-08-06,Senado Federal,"ESCLARECIMENTOS A RESPEITO DO MODO ENFATICO DE EXPRESSÃO DE S.EXA.   POR OCASIÃO DA REUNIÃO ENTRE EMPRESARIOS, LIDERES SINDICAIS E O      GOVERNO FEDERAL SOBRE O INDICE DE REAJUSTE SALARIAL. DEFESA DO       DIALOGO DIANTE DA CRISE NACIONAL."
218,22,DIS,1993-08-05,Senado Federal,"INDAGANDO DA MESA O DESTINO QUE SERA DADO AO REQUERIMENTO DE S.EXA.  SOBRE OS LAUDOS DE AVALIAÇÃO DA COSIPA EM FUNÇÃO DE PARECER APROVADO PELO PLENARIO DO SENADO E DE DISPOSITIVO DA MEDIDA PROVISORIA        334, EM VIGOR, QUE CONVALIDA ATOS PRATICADOS NA VIGENCIA DA MEDIDA   PROVISORIA 327."
219,22,DIS,1993-07-13,Senado Federal,"GRAVIDADE DOS EPISODIOS ENVOLVENDO, NAS ULTIMAS SEMANAS, A POLICIA   FEDERAL. CONSIDERAÇÕES SOBRE AS CIRCUNSTANCIAS NACIONAIS E           CARACTERISTICAS DO ESTADO ATUAL, EM CONTRAPARTIDA AS DE 1963.        PREOCUPAÇÕES DE S.EXA. COM O DIVORCIO ENTRE O ESTADO E A NAÇÃO       BRASILEIROS."
220,22,DIS,1993-07-02,Senado Federal,POLITICA SALARIAL.
221,22,DIS,1993-07-01,Senado Federal,"INSUFICIENCIA DAS MEDIDAS GOVERNAMENTAIS NO COMBATE AOS PROBLEMAS    SOCIAIS BRASILEIROS, PRINCIPALMENTE A FOME E A MISERIA. PREMENCIA    DE DIRETRIZES NACIONAIS."
222,22,DIS,1993-06-25,Senado Federal,REFUTANDO CRITICAS AO CONGRESSO NACIONAL. POSIÇÃO CONTRARIA DO       ORADOR AO 'MOVIMENTO DECOLA BRASIL'.
223,22,DIS,1993-06-23,Senado Federal,"DEFESA DO SR. PAULO MALUF PELA INTERPRETAÇÃO EQUIVOCADA DE SUAS      DECLARAÇÕES A IMPRENSA LOCAL, QUANDO DE SUA VISITA A BRASILIA,       CRIANDO ANIMOSIDADE COM A BANCADA DO DISTRITO FEDERAL E COM A        POPULAÇÃO."
224,22,DIS,1993-06-02,Senado Federal,"CRITICAS AO PROJETO DE AUTORIA DO PODER EXECUTIVO, QUE INSTITUI      ESTIMULOS A AMPLIAÇÃO DO COMERCIO EXTERIOR PARA AS EMPRESAS          FABRICANTES DE VEICULOS, PARTES, PEÇAS E COMPONENTES AUTOMOTIVOS."
225,22,DIS,1993-05-20,Senado Federal,NECESSIDADE DE PROSSEGUIR COM ESCLARECIMENTOS SOBRE O 'CASO ODEBRECHT' E SUA REPERCUSSÃO SOBRE A REFORMA MINISTERIAL.
226,22,DIS,1993-05-11,Senado Federal,"DENUNCIAS DE CORRUPÇÃO VEICULADAS NA IMPRENSA ENVOLVENDO MEMBRO      DO PT, NO ESTADO DO AMAZONAS. REJEIÇÃO DAS CONTAS DA EX-PREFEITA     LUIZA ERUNDINA E O COMPORTAMENTO DEPLORAVEL DO PRESIDENTE NACIONAL   DO PARTIDO DOS TRABALHADORES, LUIZ INACIO LULA DA SILVA, COM RELAÇÃO AO PRESIDENTE ITAMAR FRANCO."
227,22,DIS,1993-05-10,Senado Federal,"APRESENTANDO A CASA PROJETOS DE LEI DE SUA AUTORIA, REGULANDO        PUNIÇÕES AOS SEPARATISTAS."
228,22,DIS,1993-04-06,Senado Federal,"ESCLARECIMENTOS AO GOVERNADOR LEONEL BRIZOLA, DO ESTADO DO RIO DE    JANEIRO, SOBRE PARTICIPAÇÃO DO BANCO BAMERINDUS E DO CONSEQUENTE     ENVOLVIMENTO LEGAL DO MINISTRO JOSE EDUARDO NO LEILÃO DA CSN -       COMPANHIA SIDERURGICA NACIONAL. (COMO LIDER)"
229,22,DIS,1993-03-16,Senado Federal,EPIDEMIA DE COLERA NO BRASIL.
230,22,DIS,1993-03-15,Senado Federal,SOLIDARIEDADE A SOLICITAÇÃO DO SR. ESPERIDIÃO AMIN. SOLIDARIEDADE AO MINISTRO PAULO BROSSARD PELA PREOCUPAÇÃO COM A PROPAGANDA QUE VEM SENDO VEICULADA ATRAVES DOS MEIOS DE COMUNICAÇÃO SOBRE O         PLEBISCITO.
231,22,DIS,1993-03-15,Senado Federal,"RESULTADO PARCIAL DO PLEBISCITO INTERNO DO PT, OBJETIVANDO FIRMAR A  POSIÇÃO PARTIDARIA COM RELAÇÃO A ESCOLHA DO REGIME DE GOVERNO A SER  DECIDIDO PELO POVO BRASILEIRO. REITERANDO APELO AO PRESIDENTE DO     SENADO, NO SENTIDO DE DETERMINAR AO PRODASEN O ACESSO DOS SENADORES  AO PROGRAMA ORÇAMENTO/93, VIA TERMINAIS EM SEUS GABINETES."
232,22,DIS,1993-03-01,Senado Federal,"CONTESTANDO REPORTAGEM VEICULADA NA REVISTA ISTOE, DESTA SEMANA      QUE DENUNCIA IRREGULARIDADE E FAVORECIMENTO DURANTE A GESTÃO DO      ORADOR A FRENTE DO SENADO FEDERAL."
233,22,DIS,1993-02-08,Senado Federal,CRITICAS A PROPOSTA DE EMENDA CONSTITUCIONAL QUE TRATA DO AJUSTE     FISCAL E A CAMARA DOS DEPUTADOS. NECESSIDADE DO CUMPRIMENTO DO       REGIMENTO INTERNO NA ELABORAÇÃO DAS LEIS.
234,22,DIS,1993-01-28,Senado Federal,"PREOCUPAÇÃO DO ORADOR COM ALGUNS ASPECTOS DA IMPLANTAÇÃO DO          PARLAMENTARISMO NO BRASIL. ESPANTO DIANTE DA EXPRESSÃO               'PRESIDENCIALISMO REPUBLICANO' NA CEDULA DO PLEBISCITO APROVADA PELA CAMARA DOS DEPUTADOS, A PERVERSA POLITICA SALARIAL DO GOVERNO."
235,22,DIS,1993-01-26,Senado Federal,"CRITICAS AO ESTADO POR IMPEDIR AOS SERVIDORES O ACESSO AO SOCORRO    JUDICIARIO. CRITICAS A CONFEDERAÇÃO BRASILEIRA DE FUTEBOL POR        VALORIZAR EM DEMASIA AS NORMAS DO FUTEBOL, SOBREPONDO-AS A           CONSTITUIÇÃO. A NOMEAÇÃO DA EX-PREFEITA LUIZA ERUNDINA PARA A        SECRETARIA DA ADMINISTRAÇÃO."
236,22,DIS,1993-01-20,Senado Federal,ANALISE SOBRE A QUEBRA DO SIGILO BANCARIO.
237,22,DIS,1992-12-14,Senado Federal,"COLOCAÇÕES SOBRE ENTREVISTA DO GOVERNADOR CIRO GOMES, VEICULADA EM   ORGÃO DA IMPRENSA, SOB O TITULO 'EU SINTO NOJO DE POLITICOS'."
238,22,DIS,1992-11-25,Senado Federal,"REPUDIO A LIDERANÇA DO GOVERNADOR DO RIO GRANDE DO SUL, ALCEU        COLLARES, PELAS SUAS IDEIAS CORPORATIVAS CONTRA O FEDERALISMO E A    REPRESENTATIVIDADE DO NORTE-NORDESTE NO CONGRESSO NACIONAL."
239,22,DIS,1992-11-25,Senado Federal,ARTIGO DO 'JORNAL DO BRASIL' INTITULADO 'ITAMAR DESISTE DE DISCURSO  A NAÇÃO'.
240,22,DIS,1992-11-23,Senado Federal,"CONGRATULANDO-SE COM A COMISSÃO DE ASSUNTOS SOCIAIS PELA APROVAÇÃO UNANIME DO PROJETO DE LEI DO SENADO 383/91, QUE CONCEDE PENSÃO ESPECIAL AO ATOR GRANDE OTELO. CONSIDERAÇÕES SOBRE QUAL SERIA A MOTIVAÇÃO DAS DECLARAÇÕES DADAS A IMPRENSA PELO SENHOR PROCURADOR-GERAL DA REPUBLICA, ARISTIDES JUNQUEIRA, A RESPEITO DA    TENTATIVA DE SUBORNO PROPOSTA A SUA SENHORIA."
241,22,DIS,1992-11-19,Senado Federal,PROCESSO DE IMPEACHMENT DO PRESIDENTE FERNANDO COLLOR.               SINGULARIDADE DO GOVERNO ITAMAR FRANCO E O PAPEL DO CONGRESSO        NACIONAL NO ATUAL MOMENTO POLITICO BRASILEIRO.
242,22,DIS,1992-11-16,Senado Federal,PROBLEMA ENERGETICO DO ESTADO DE RONDONIA.  APELO PARA LIBERAÇÃO DE  RECURSOS DESTINADOS A CONCLUSÃO DAS OBRAS DA USINA HIDRELETRICA DE   SAMUEL - RO.
243,22,DIS,1992-11-11,Senado Federal,"REGOZIJO PELO ESFORÇO CONJUNTO DA ESCOLA NACIONAL DE ADMINISTRAÇÃO PUBLICA E UNIVERSIDADE DE BRASILIA PARA A CRIAÇÃO E FUNCIONAMENTO, EM BREVE, DA PRIMEIRA ESCOLA DE FORMAÇÃO POLITICA NO BRASIL. DESCREDITO DOS PARLAMENTARES BRASILEIROS JUNTO A SOCIEDADE."
244,22,DIS,1992-11-10,Senado Federal,SITUAÇÃO CRITICA DA VIAÇÃO AEREA SÃO PAULO - VASP.
245,22,DIS,1992-10-28,Senado Federal,"POSSE DA SRA. BLAY, REPRESENTANTE DO ESTADO DE SÃO PAULO PELO PSDB.  PRESENÇA DO MINISTRO FERNANDO HENRIQUE CARDOSO NO PLENARIO DESTA     CASA."
246,22,DIS,1992-10-28,Senado Federal,"HOMENAGEM DE PESAR PELO FALECIMENTO DA SENHORA HILDETE FALCÃO        BAPTISTA, ESPOSA DO SENADOR LOURIVAL BAPTISTA."
247,22,DIS,1992-10-23,Senado Federal,SUSPENSÃO DO FINANCIAMENTO DE CUSTEIO DA AGRICULTURA NO ESTADO DE    RONDONIA.
248,22,DIS,1992-10-20,Senado Federal,"OPOSIÇÃO A INTENÇÃO DE DEFESA DO SR. FERNANDO COLLOR DE SOLICITAR A  SUSPEIÇÃO DOS SENADORES SUPLENTES, EM EXERCICIO, NO JULGAMENTO DO    PRESIDENTE AFASTADO."
249,22,DIS,1992-10-20,Senado Federal,"ESCLARECIMENTOS QUANTO A ARTIGO DO JORNAL 'O GLOBO', DE DOMINGO, A   RESPEITO DA POSIÇÃO DO ORADOR NO JULGAMENTO DO SR. FERNANDO COLLOR."
250,22,DIS,1992-10-15,Senado Federal,"'DIA DA CRIANÇA'. REUNIÃO PATROCINADA PELA UNICEF, RESULTANDO NO     PACTO DOS GOVERNADORES PELA CRIANÇA.  DECLARAÇÃO DE COMPROMISSO      ASSINADO PELOS GOVERNADORES, OBJETIVANDO GARANTIR EFETIVAMENTE OS    DIREITOS DA CRIANÇA E DO ADOLESCENTE."
251,22,DIS,1992-10-01,Senado Federal,"APREENSÃO E PERPLEXIDADE DOS SENADORES NA PROTELAÇÃO DO ANDAMENTO DO PROCESSO DE IMPEACHMENT DO PRESIDENTE COLLOR, POR PARTE DO SENADO    FEDERAL."
252,22,DIS,1992-09-30,Senado Federal,"CONSIDERAÇÕES SOBRE O RITO DE TRAMITAÇÃO NO SENADO FEDERAL DO        PROCESSO DE IMPEACHMENT DO PRESIDENTE DA REPUBLICA, AUTORIZADO       ONTEM PELA CAMARA DOS DEPUTADOS."
253,22,DIS,1992-09-22,Senado Federal,"REFUTANDO NOTICIA VEICULADA EM ORGÃO DA IMPRENSA, NO QUAL E CITADO   O NOME DO ORADOR COMO BENEFICIARIO DO BANCO DO BRASIL."
254,22,DIS,1992-09-15,Senado Federal,"COMUNICADO DO BANCO DO BRASIL, DE ESCLARECIMENTOS A RESPEITO DA      APLICAÇÃO DA TAXA REFERENCIAL DE JUROS NOS CONTRATOS DOS PRODUTORES  RURAIS."
255,22,DIS,1992-09-15,Senado Federal,"PARECER DO PROCURADOR - GERAL DA REPUBLICA, DR. ARISTIDES JUNQUEIRA, FAVORAVEL AS REGRAS ADOTADAS PELO PRESIDENTE DA CAMARA, DEPUTADO IBSEN PINHEIRO, NO PROCESSO DE IMPEACHMENT DO PRESIDENTE DA REPUBLICA. DEFESA DA SUSPENSÃO TEMPORARIA DA COMPETENCIA DO SENADO FEDERAL, PARA A NOMEAÇÃO DE PARLAMENTARES PARA FUNÇÕES PUBLICAS, EM FACE DA ATUAL CRISE POLITICA."
256,22,DIS,1992-09-09,Senado Federal,"OFICIO DE AUTORIA DO ORADOR, FORMULADO AO PRESIDENTE DO SENADO,      NO SENTIDO DE QUE SEJA COLOCADO A DISPOSIÇÃO DOS SRS. SENADORES,     SISTEMA SEMELHANTE AO OR-92  PARA QUE SE POSSA PROCEDER AO           ACOMPANHAMENTO DA ELABORAÇÃO DO ORÇAMENTO DA UNIÃO PARA O EXERCICIO  DE 1993. COLOCAÇÕES SOBRE A EXECUÇÃO ORÇAMENTARIA DO GOVERNO         FEDERAL. REQUERIMENTO DE INFORMAÇÕES DE AUTORIA DO ORADOR, QUE       FORMULARA A MESA DESTINADO AO MINISTERIO DA ECONOMIA E PLANEJAMENTO, A RESPEITO DA DESTINAÇÃO FISCAL DOS RECURSOS DAS FONTES 151 E 153,   PARA O FINSOCIAL."
257,22,DIS,1992-09-08,Senado Federal,"APLAUSOS A DECISÃO DO DEPUTADO FEDERAL IBSEN PINHEIRO, PRESIDENTE    DA CAMARA DOS DEPUTADOS, A RESPEITO DO RITO PROCEDIMENTAL DO         IMPEACHMENT DO PRESIDENTE DA REPUBLICA, FERNANDO COLLOR DE MELLO."
258,22,DIS,1992-09-08,Senado Federal,"ERRONEA APLICABILIDADE DE DISPOSITIVOS DA LEI 1.079, DE 1950, NOS ATOS PRE-PROCESSORIOS DO IMPEDIMENTO DO PRESIDENTE DA REPUBLICA, PELA CAMARA DOS DEPUTADOS."
259,22,DIS,1992-09-02,Senado Federal,A DESILUSÃO DO POVO NORDESTINO DIANTE DA ATUAL CRISE DO GOVERNO      E DAS DENUNCIAS DE IMPROBIDADE ADMINISTRATIVA DO PRESIDENTE COLLOR.  NECESSIDADE DE REVISÃO DO SISTEMA ELEITORAL BRASILEIRO.
260,22,DIS,1992-08-20,Senado Federal,RECONDUÇÃO DO ORADOR A PRESIDENCIA DA CONFEDERAÇÃO NACIONAL DA       INDUSTRIA. OBSERVAÇÕES SOBRE A ANTECIPAÇÃO DA REDUÇÃO TARIFARIA      PRETENDIDA PELO GOVERNO.
261,22,DIS,1992-08-18,Senado Federal,"COLOCAÇÕES SOBRE LIVRO DE AUTORIA DO JORNALISTA ROBERTO MARINHO,     INTITULADO UMA TRAJETORIA LIBERAL."
262,22,DIS,1992-08-13,Senado Federal,POSSE DO SENADOR MARCO MACIEL NA ACADEMIA PERNAMBUCANA DE LETRAS.
263,22,DIS,1992-08-10,Senado Federal,CONSIDERAÇÕES SOBRE CONSORCIOS NO BRASIL. REAJUSTES ABUSIVOS DAS     MENSALIDADES ESCOLARES.
264,22,DIS,1992-08-05,Senado Federal,"SUBSTITUIÇÃO DO MINISTRO DA EDUCAÇÃO. O DOSSIE 'OPERAÇÃO URUGUAI'    COMO PEÇA DE ACUSAÇÃO CONTRA O PRESIDENTE FERNANDO COLLOR DE MELLO   NA CPI DO CASO PAULO CESAR FARIAS. PREOCUPAÇÃO DO GOVERNO EM         CONQUISTAR PARLAMENTARES NA DEFESA DO PRESIDENTE DA REPUBLICA,       A FIM DE EVITAR O IMPEACHMENT."
265,22,DIS,1992-07-31,Senado Federal,"ADESÃO DOS FUNCIONARIOS DO MINISTERIO DA JUSTIÇA AO SISTEMA          PATRONAL. SATISFAÇÃO PELA SOLUÇÃO ENCONTRADA, ATRAVES DE EQUIPARAÇÃO POR GRATIFICAÇÕES, PARA A EFETIVAÇÃO DA ISONOMIA ENTRE OS TRES       PODERES."
266,22,DIS,1992-07-30,Senado Federal,"RETROSPECTIVA DOS TRABALHOS DESENVOLVIDOS PELO CONGRESSO NACIONAL,   NO PERIODO DA CONVOCAÇÃO EXTRAORDINARIA."
267,22,DIS,1992-07-20,Senado Federal,DESISTENCIA DA EXTINÇÃO DO FGTS NA REFORMA FISCAL PRETENDIDA PELO    GOVERNO.
268,22,DIS,1992-07-20,Senado Federal,TRANSCURSO DO QUADRAGESIMO ANIVERSARIO DO BANCO DO NORDESTE DO       BRASIL - BNB.
269,22,DIS,1992-07-16,Senado Federal,MODERNIZAÇÃO EXIGIDA PELA SOCIEDADE BRASILEIRA E PELO EMPRESARIADO   NACIONAL.
270,22,DIS,1992-07-10,Senado Federal,ANUNCIO DO ACORDO DA DIVIDA EXTERNA COM OS BANCOS INTERNACIONAIS.
271,22,DIS,1992-07-09,Senado Federal,ACORDO DA DIVIDA EXTERNA BRASILEIRA COM OS BANCOS PRIVADOS.
272,22,DIS,1992-07-09,Senado Federal,"APROVAÇÃO DA PROPOSTA DE EMENDA A CONSTITUIÇÃO QUE ANTECIPA O PLEBISCITO SOBRE A FORMA DE GOVERNO, NA CAMARA DOS DEPUTADOS.
      EDITORIAL PUBLICADO NO JORNAL FOLHA DE S.PAULO, DE AUTORIA DO JORNALISTA JANIO DE FREITAS, INTITULADO 'COLETA DESCONHECIDA'."
273,22,DIS,1992-07-08,Senado Federal,REDUÇÃO DAS VERBAS DESTINADAS A EDUCAÇÃO EM VIRTUDE DA NOVA          REFORMA FISCAL QUE SERA PROPOSTA PELO GOVERNO FEDERAL.
274,22,DIS,1992-07-03,Senado Federal,"CONSIDERAÇÕES A RESPEITO DO PROJETO DE REFORMA FISCAL,               PRINCIPALMENTE NO TOCANTE A CONCESSÃO DE APOSENTADORIA E             ESTABILIDADE AOS FUNCIONARIOS PUBLICOS, OBJETO DE EDITORIAIS         E NOTICIAS PUBLICADAS HOJE, PELA IMPRENSA."
275,22,DIS,1992-07-02,Senado Federal,"REPAROS A CONOTAÇÃO QUE VEM SENDO DADA A REFERENCIAS FEITAS AO MINISTRO JORGE BORNHAUSEN PELO CANDIDATO A PRESIDENCIA DA REPUBLICA, FERNANDO COLLOR DE MELLO."
276,22,DIS,1992-06-30,Senado Federal,DECISÃO DO SUPREMO TRIBUNAL FEDERAL CONCEDENDO OS CENTO E QUARENTA   E SETE POR CENTO AOS APOSENTADOS.
277,22,DIS,1992-06-29,Senado Federal,LANÇAMENTO DA CANDIDATURA DO ORADOR A PREFEITURA MUNICIPAL DE        MACEIO - AL.
278,22,DIS,1992-06-29,Senado Federal,ORGANIZAÇÃO DOS TRABALHOS DA RIO-92.
279,22,DIS,1992-06-29,Senado Federal,"REEDIÇÃO PELO SENADO FEDERAL, DA OBRA DO MAGISTRADO JOÃO BARBALHO    DE UCHOA CAVALCANTI INTITULADA 'COMENTARIOS A CONSTITUIÇÃO'."
280,22,DIS,1992-06-26,Senado Federal,"CRITICAS AO PONTO DE VISTA DO SR. ANTONIO CARLOS MAGALHÃES, EM ENTREVISTA CONCEDIDA A REVISTA ISTOE, A RESPEITO DA EVENTUAL POSSIBILIDADE DO IMPEACHMENT OU RENUNCIA DO PRESIDENTE COLLOR. DEFESA DA ORDEM CONSTITUCIONAL E DO PAPEL RESERVADO AO VICE-PRESIDENTE ITAMAR FRANCO."
281,22,DIS,1992-06-23,Senado Federal,HOMENAGEM POSTUMA AO EDITOR CAIO GRACO PRADO JUNIOR. PARALELO        ENTRE A SITUAÇÃO QUE PRECEDEU A RENUNCIA DE RICHARD NIXON E A        SITUAÇÃO PELA QUAL ATRAVESSA O GOVERNO DO PRESIDENTE FERNANDO        COLLOR DE MELLO.
282,22,DIS,1992-06-22,Senado Federal,CONSIDERAÇÕES SOBRE O MOMENTO POLITICO EM VIRTUDE DA CPI DO          CASO PC.
283,22,DIS,1992-06-11,Senado Federal,POLITICA DE SAUDE.
284,22,DIS,1992-06-11,Senado Federal,"CAMPANHA DE DIVULGAÇÃO DAS PROPOSTAS DO FMI DE APOIO A REFORMA       FISCAL PROMOVIDA PELO DIRETOR-GERENTE DO FMI, MICHEL CAMDESSUS.      CONSIDERAÇÕES A RESPEITO DE ARTIGO DE JACQUES JULLIARD SOBRE A       AUTODESTRUIÇÃO DA DEMOCRACIA, PUBLICADO NA REVISTA FRANCESA 'LE      NOUVEL OBSERVATEUR'."
285,22,DIS,1992-06-09,Senado Federal,"SOLIDARIEDADE AO MINISTRO-CHEFE DA SECRETARIA DE GOVERNO DA          PRESIDENCIA DA REPUBLICA, SENHOR JORGE BORNHAUSEN."
286,22,DIS,1992-06-08,Senado Federal,"CONSIDERAÇÕES SOBRE RECURSO DO SENADOR AMAZONINO MENDES CONTRA       INDICAÇÃO DO SENADOR JOSE PAULO BISOL PARA A CPI DO CASO 'PC',       FEITA PELO SENADOR ESPERIDIÃO AMIN, LIDER DO PDS."
287,22,DIS,1992-06-05,Senado Federal,OBSTACULOS CRIADOS PELOS OLIGOPOLIOS PARA VIABILIZAÇÃO DE POLITICA   ECONOMICA SAUDAVEL.
288,22,DIS,1992-05-28,Senado Federal,"FALSIDADE DE ARTIGO DA REVISTA VEJA, INCLUINDO O ORADOR COMO         INTEGRANTE DA MAFIA DOS PORTOS E MAFIA DA ESTIVA, E DE CITAÇÕES      LEVIANAS AO SEU COMPORTAMENTO POLITICO."
289,22,DIS,1992-05-28,Senado Federal,ACORDO DE REESCALONAMENTO DA DIVIDA POLONESA JUNTO AO CLUBE DE       PARIS. DIFERENÇA NO TRATAMENTO DADO AO BRASIL E A POLONIA POR AQUELA ENTIDADE. APELO PARA UM TRATAMENTO ISONOMICO A TODOS OS DEVEDORES DO TERCEIRO MUNDO.
290,22,DIS,1992-05-26,Senado Federal,SUGESTÕES PARA A CRIAÇÃO DE CPI DESTINADA A AVERIGUAR DENUNCIAS      FEITAS PELO EMPRESARIO PEDRO MELLO.
291,22,DIS,1992-05-26,Senado Federal,"CRIAÇÃO DE CPI DESTINADA A APURAR DENUNCIAS DO EMPRESARIO PEDRO      MELLO, VEICULADAS NA IMPRENSA."
292,22,DIS,1992-05-18,Senado Federal,LIBERAÇÃO DO PREÇO DOS REMEDIOS DE USO CONTINUADO.
293,22,DIS,1992-05-15,Senado Federal,ELABORAÇÃO E EXECUÇÃO DA LEI ORÇAMENTARIA.
294,22,DIS,1992-05-15,Senado Federal,"CONTRIBUIÇÃO DADA PELA COMISSÃO PARLAMENTAR DE INQUERITO, DESTINADA   A INVESTIGAR DENUNCIAS DE CORRUPÇÃO E IRREGULARIDADES NA            CONTRATAÇÃO DE OBRAS PUBLICAS AO APRESENTAR O PROJETO DE LEI DO      SENADO 61/92, QUE ESTABELECE NORMAS GERAIS SOBRE LICITAÇÕES E        CONTRATOS DA ADMINISTRAÇÃO PUBLICA E DA OUTRAS  PROVIDENCIAS, COMO   INSTRUMENTAL NECESSARIO E INDISPENSAVEL A AÇAO MORALIZADORA DAS      CONCORRENCIAS E LICITAÇÕES PUBLICAS. REABILITAÇÃO DO INSTITUTO DAS   CPI."
295,22,DIS,1992-05-11,Senado Federal,"ADVERTENCIAS CONTIDAS NA ENTREVISTA DO EX-PRESIDENTE JOÃO            FIGUEIREDO, VEICULADA NA IMPRENSA, EM FACE DO ESTADO DE              MISERIA DA MAIORIA DA POPULAÇÃO BRASILEIRA."
296,22,DIS,1992-05-08,Senado Federal,'DIA MUNDIAL DA CRUZ VERMELHA'.
297,22,DIS,1992-05-07,Senado Federal,"PRESENÇA DE CRIANÇAS ABANDONADAS EM FRENTE AO EDIFICIO DO CONGRESSO  NACIONAL. A CRIANÇA COMO PRIORIDADE ABSOLUTA DO ESTADO, CONFORME     DITA O ARTIGO 227 DA CONSTITUIÇÃO FEDERAL."
298,22,DIS,1992-05-05,Senado Federal,"HOMENAGEM DE PESAR PELO FALECIMENTO DO EX-SENADOR, EX-GOVERNADOR DA BAHIA E EX-MINISTRO DE ESTADO ANTONIO BALBINO DE CARVALHO FILHO."
299,22,DIS,1992-04-27,Senado Federal,"CRITICAS A ADMINISTRAÇÃO DO GOVERNO COLLOR. SITUAÇÃO POR QUE PASSAM  AS COSTUREIRAS DA EMPRESA JORGE GABRIEL CALFAT, QUE SE ENCONTRA EM   PROCESSO DE FALENCIA. AUDITORIA NA ELETROSUL."
300,22,DIS,1992-04-24,Senado Federal,"DENUNCIAS DE IRREGULARIDADES CONTRA O GOVERNADOR DO ESPIRITO SANTO,  ENVOLVENDO EMPRESAS DE SUA PROPRIEDADE."
301,22,DIS,1992-04-22,Senado Federal,ANALISE SOBRE CRITICAS AO DESENVOLVIMENTO DOS TRABALHOS              LEGISLATIVOS.
302,22,DIS,1992-04-22,Senado Federal,REFORMA MINISTERIAL.
303,22,DIS,1992-04-20,Senado Federal,ANIVERSARIO DE BRASILIA.                                             PERPLEXIDADE DO ORADOR COM A INDICAÇÃO DO DR. FRANCISCO REZEK        PARA RETORNAR AO SUPREMO TRIBUNAL FEDERAL.
304,22,DIS,1992-04-20,Senado Federal,CRITICAS A INTENÇÃO DO GOVERNO DE CRIAR EMPRESTIMO COMPULSORIO       COM A FINALIDADE DE AUMENTAR A ARRECADAÇÃO.
305,22,DIS,1992-04-10,Senado Federal,FALENCIA DO SISTEMA DE SAUDE BRASILEIRO.
306,22,DIS,1992-04-08,Senado Federal,"PRESENÇA DE EMPRESARIOS JAPONESES - OKEIDAREN - EM BRASILIA, PARA    ENCONTRO PROMOVIDO PELO CONFEDERAÇÃO NACIONAL DAS INDUSTRIAS."
307,22,DIS,1992-04-07,Senado Federal,"ATUAÇÃO DO ORADOR COMO MINISTRO DA JUSTIÇA, NO MOMENTO EM QUE        REASSUME O MANDATO DE SENADOR PELO ESTADO DO PARA."
308,22,DIS,1992-04-06,Senado Federal,REFLEXÕES SOBRE NOTICIARIO TENDENCIOSO VEICULADO NA IMPRENSA A       RESPEITO DO TRAFICO DE DROGAS NO CONGRESSO NACIONAL E AS ATITUDES    ASSUMIDAS PELAS MESAS DAS DUAS CASAS.
309,22,DIS,1992-04-06,Senado Federal,REVISÃO DO PROJETO DE LEI DISPONDO SOBRE O PLANO RODOVIARIO NACIONAL A FIM DE QUE SEJAM ESCOIMADOS OS ASPECTOS PREJUDICIAIS AOS ESTADOS   E PARTICULARMENTE AO ESPIRITO SANTO.
310,22,DIS,1992-04-01,Senado Federal,"CONSIDERAÇÕES SOBRE ENTREVISTA DO PRESIDENTE DA REPUBLICA A          IMPRENSA, NO CONCERNENTE A PARTICIPAÇÃO DOS PARTIDOS POLITICOS EM    SEU GOVERNO, INCLUSIVE O PT. OBSERVAÇÕES SOBRE JET-SKI E A           IMPORTANCIA DE 100 MIL DOLARES QUE TERIAM SIDO RECEBIDOS PELO        MINISTRO RICARDO FIUZA, NO ULTIMO PLEITO ELEITORAL. PRESTAÇÃO DE     CONTAS DA CUT."
311,22,DIS,1992-03-30,Senado Federal,"APELO AO PRESIDENTE DO CONGRESSO NACIONAL, NO SENTIDO DE QUE SEJAM   ESCLARECIDAS AS DENUNCIAS DE TRAFICO DE DROGAS NAS DEPENDENCIAS DAS  DUAS CASAS DO LEGISLATIVO."
312,22,DIS,1992-03-26,Senado Federal,"PRIORIDADE DA VOTAÇÃO DO DECRETO LEGISLATIVO 23, DE 1992, QUE SUSTA O EFEITOS DO DECRETO 430, DE 1992."
313,22,DIS,1992-03-26,Senado Federal,ENFOQUE DA IMPRENSA PARA OS ESCANDALOS DE CORRUPÇÃO NO ATUAL         GOVERNO.
314,22,DIS,1992-03-18,Senado Federal,"SENTIDO HISTORICO DE PROJETO DE AUTORIA DO ORADOR, QUE CRIA OS       INSTITUTOS DE APOSENTADORIAS E PENSÕES DE BASE PROFISSIONAL."
315,22,DIS,1992-03-16,Senado Federal,AÇÃO DO GOVERNO COLLOR NOS DOIS ANOS DE GESTÃO.
316,22,DIS,1992-03-16,Senado Federal,HOMENAGEM DE PESAR PELO FALECIMENTO DE IRMÃ DULCE.
317,22,DIS,1992-03-11,Senado Federal,"REPUDIO A CAMPANHA DIFAMATORIA CONTRA O ORADOR, MOVIDA PELO ATUAL    PREFEITO DE MANAUS EM ORGÃO DA IMPRENSA."
318,22,DIS,1992-03-09,Senado Federal,"LANÇAMENTO DA CAMPANHA DA FRATERNIDADE - JUVENTUDE, CAMINHO ABERTO.  PROBLEMAS ENFRENTADOS PELA JUVENTUDE BRASILEIRA."
319,22,DIS,1992-02-24,Senado Federal,"INVERACIDADE DE NOTICIARIO PUBLICADO EM ORGÃO DA IMPRENSA, ATRIBUINDO AO ORADOR FAVORECIMENTO DA EMPRESA DE ENGENHARIA ENGELPA, EM OBRAS LIGADAS A FUNDAÇÃO NACIONAL DE SAUDE EM RONDONIA."
320,22,DIS,1992-01-22,Senado Federal,"CONSIDERAÇÕES A RESPEITO DO PROJETO DO GOVERNO, QUE AUMENTA AS       CONTRIBUIÇÕES A PREVIDENCIA SOCIAL."
321,22,DIS,1992-01-14,Senado Federal,NECESSIDADE DE ETICA NO TRATO DA COISA PUBLICA.
322,22,DIS,1991-12-20,Senado Federal,CONGRATULAÇÕES COM A MESA POR OCASIÃO DO ENCERRAMENTO DOS TRABALHOS  DA PRESENTE SESSÃO LEGISLATIVA.
323,22,DIS,1991-12-19,Senado Federal,COMPETENCIA CONSTITUCIONAL DO SENADO FEDERAL PARA LEGISLAR SOBRE     AS DIVIDAS DOS ESTADOS E DOS MUNICIPIOS.
324,22,DIS,1991-12-18,Senado Federal,PRESIDENCIALISMO E PARLAMENTARISMO: REFLEXÕES SOBRE A ATUAL CRISE    BRASILEIRA.
325,22,DIS,1991-12-16,Senado Federal,"DESPEDIDA DO ORADOR DOS TRABALHOS DA CASA, EM VIRTUDE DO RETORNO DO SENADOR FLAVIANO MELO."
326,22,DIS,1991-12-13,Senado Federal,"OBSERVAÇÕES SOBRE O ENVIO A CAMARA DOS DEPUTADOS, PELO SENHOR        PRESIDENTE DA REPUBLICA, DE PROJETO DE LEI REFERENTE A ROLAGEM       DA DIVIDA DOS ESTADOS E MUNICIPIOS, TENDO EM VISTA TRATAR-SE DE      MATERIA DA COMPETENCIA PRIVATIVA DO SENADO FEDERAL."
327,22,DIS,1991-12-12,Senado Federal,"QUESTÕES ACERCA DA GRAVIDADE DA SITUAÇÃO NACIONAL A PROPOSITO DE     DENUNCIAS ATRIBUIDAS AO GOVERNADOR BAIANO, ANTONIO CARLOS MAGALHÃES, VEICULADAS NA IMPRENSA, DE IRREGULARIDADES NO GOVERNO FEDERAL."
328,22,DIS,1991-12-10,Senado Federal,GIGANTISMO DA MAQUINA ADMINISTRATIVA DO ESTADO. PROGRAMA NACIONAL DE DESESTATIZAÇÃO.
329,22,DIS,1991-12-04,Senado Federal,FALECIMENTO DO JORNALISTA DARIO MACEDO.
330,22,DIS,1991-12-04,Senado Federal,QUARTA REUNIÃO DO 'FORUM PAULISTANO DE DESENVOLVIMENTO'. PROCESSO    INFLACIONARIO E RECESSIVO DA ECONOMIA BRASILEIRA.
331,22,DIS,1991-11-25,Senado Federal,MENSALIDADES ESCOLARES.
332,22,DIS,1991-11-25,Senado Federal,"RAZÕES DA APRESENTAÇÃO DE PROJETO DE LEI DE AUTORIA DO ORADOR, QUE CONCEDE PENSÃO ESPECIAL A SEBASTIÃO DE SOUZA PRATA - GRANDE OTELO. DEFESA DO REEXAME, PELA COMISSÃO COMPETENTE, DO PROJETO DE LEI DA CAMARA 85/91, QUE DA NOVA REDAÇÃO A PARAGRAFO DO ARTIGO 3 E AOS ARTIGOS 7 E 9 DO DECRETO-LEI 1.455/76 E AO CAPUT E AO § 2. DO ARTIGO 10 DA LEI 2.145/53."
333,22,DIS,1991-11-22,Senado Federal,OBSTRUÇÃO DA VOTAÇÃO DOS VETOS PRESIDENCIAIS A POLITICA SALARIAL.
334,22,DIS,1991-11-18,Senado Federal,"ACUMULO DE PROPOSIÇÕES ORIUNDAS DA CAMARA DOS DEPUTADOS E QUE        DEVERÃO SER APRECIADAS PELO SENADO FEDERAL, EM FACE DO RECESSO       PARLAMENTAR."
335,22,DIS,1991-11-14,Senado Federal,"PRONTA AÇÃO DO MINISTRO DO TRABALHO E PREVIDENCIA SOCIAL CANCELANDO  165.000 APOSENTADORIAS E PENSÕES DO ANTIGO FUNRURAL, EM VIRTUDE DA   CONSTATAÇÃO DE IRREGULARIDADES NA SUA CONCESSÃO. DESVIO DE MERENDA   ESCOLAR DE SÃO PAULO."
336,22,DIS,1991-11-07,Senado Federal,REJEIÇÃO DA EMENDA DO SENADOR JOSE RICHA.
337,22,DIS,1991-10-31,Senado Federal,"APELO PARA LIBERAÇÃO DAS VERBAS ORÇAMENTARIAS DA UNIVERSIDADE BRASILEIRA, DE MODO ESPECIFICO, PARA A UNIVERSIDADE FEDERAL DO CEARA. DESMANTELAMENTO DO ENSINO SUPERIOR. ANTECIPAÇÃO DE APOSENTADORIAS NOS QUADROS DE PROFESSORES E PESQUISADORES UNIVERSITARIOS, ESVAZIANDO A UNIVERSIDADE DE SEUS MELHORES ELEMENTOS. PRIVATIZAÇÃO DO ENSINO SUPERIOR."
338,22,DIS,1991-10-29,Senado Federal,REFORMA AGRARIA COMO FORMA DE DISTRIBUIÇÃO DE RENDA E A FALTA        DE DECISÃO POLITICA PARA SUA EXECUÇÃO.
339,22,DIS,1991-10-28,Senado Federal,'DIA DO SERVIDOR PÚBLICO'.
340,22,DIS,1991-10-25,Senado Federal,"CAMPANHA DE PESSIMISMO NACIONAL EM QUE AS INSTITUIÇÕES SÃO           PROFUNDAMENTE ATINGIDAS POR NOTICIARIO DE OPOSIÇÃO AOS INTERESSES    DO PAIS. EFETIVAÇÃO DO LEILÃO DA PRIVATIZAÇÃO DA USIMINAS REALIZADO, ONTEM, NA CIDADE DO RIO DE JANEIRO."
341,22,DIS,1991-10-22,Senado Federal,QUESTÃO ENERGETICA BRASILEIRA.
342,22,DIS,1991-10-22,Senado Federal,VISITA DO PAPA JOÃO PAULO SEGUNDO AO BRASIL.
343,22,DIS,1991-10-11,Senado Federal,SEGUNDA VISITA DO PAPA JOÃO PAULO II AO BRASIL.
344,22,DIS,1991-10-09,Senado Federal,"COMENTARIOS SOBRE ARTIGO DA 'COLUNA DO CASTELLO', VEICULADA NO       'JORNAL DO BRASIL', DE HOJE, INTITULADO 'GRUPO DE TRABALHO QUER      ENQUADRAR O PLEBISCITO'."
345,22,DIS,1991-10-03,Senado Federal,MANIFESTO DA FRENTE PARLAMENTAR NACIONALISTA CONTRARIO A PRIVATIZAÇÃO DA PETROBRAS.
346,22,DIS,1991-10-03,Senado Federal,"RETROSPECTIVA ECONOMICA E POLITICA DO PAIS DESDE O GOLPE MILITAR     DE 1964. CRISE DE GOVERNABILIDADE DO ATUAL GOVERNO. ANTECIPAÇÃO      DO PLEBISCITO DE 1993 VISTA COMO AMEAÇA A CONTINUIDADE DO MANDATO    PRESIDENCIAL. PROCESSO CONTRA A PREFEITA ERUNDINA, DA CIDADE DE      SÃO PAULO."
347,22,DIS,1991-09-27,Senado Federal,ENTENDIMENTO NACIONAL.
348,22,DIS,1991-09-26,Senado Federal,"RELEVÂNCIA DA DECISÃO DA JUSTIÇA FEDERAL, QUE CONDENOU A UNIÃO E O ESTADO DO RIO DE JANEIRO, COMO CO-RESPONSAVEIS PELAS MORTES DO MUSICO FRANCISCO MARIO DE SOUZA E DE SEU IRMÃO, O CARTUNISTA HENFIL, HENRIQUE DE SOUZA FILHO, QUE FALECERAM EM FUNÇÃO DE TEREM CONTRAÍDO AIDS, POR MEIO DE TRANSFUSÃO DE SANGUE EM HOSPITAIS PÚBLICOS. OFÍCIO DO MINISTRO DA JUSTIÇA, JARBAS PASSARINHO, ENVIADO AO ORADOR, SOBRE  DENUNCIAS DO PARTIDO DOS TRABALHADORES, PT, A RESPEITO DE IRREGULARIDADES QUE TERIAM SIDO COMETIDAS, POR DIVERSAS PREFEITURAS  DO ESTADO DA BAHIA, NO USO DE VERBAS FEDERAIS DESTINADAS A OBRAS PÚBLICAS."
349,22,DIS,1991-09-16,Senado Federal,"EXPEDIENTE DO PROCURADOR GERAL DA REPUBLICA ENCAMINHANDO AO          PRESIDENTE DO CONGRESSO NACIONAL, SENADOR MAURO BENEVIDES, ALERTANDO PARA A COMPETENCIA DO PODER LEGISLATIVO, CONTIDA NO ARTIGO 49, ITEM  QUINTO, DA CONSTITUIÇÃO, RELATIVAMENTE A SUSTAÇÃO DE ATOS DO PODER   EXECUTIVO NO CASO DA PRIVATIZAÇÃO DA USIMINAS."
350,22,DIS,1991-09-13,Senado Federal,CONSIDERAÇÕES A RESPEITO DA EXTINÇÃO DA COBAL E A CRIAÇÃO DA         COMPANHIA NACIONAL DE ABASTECIMENTO E O COMBATE A CORRUPÇÃO NO       GOVERNO COLLOR.
351,22,DIS,1991-09-05,Senado Federal,INTERPRETAÇÃO DADA AO GOVERNO PELO CONJUNTO DE PROPOSTAS             CHAMADA 'EMENDÃO'.
352,22,DIS,1991-09-05,Senado Federal,DEFESA DOS INTERESSES DA AMAZONIA NA ECO-92. CRITICAS A NOMEAÇÃO DE PELE COM EMBAIXADOR MUNDIAL DA ECO-92.
353,22,DIS,1991-08-20,Senado Federal,NECESSIDADE DE DEFINIÇÃO DA POLITICA SALARIAL.
354,22,DIS,1991-08-16,Senado Federal,PARLAMENTARISMO.
355,22,DIS,1991-08-15,Senado Federal,REFLEXÕES SOBRE O MOMENTO ECONOMICO BRASILEIRO.
356,22,DIS,1991-08-13,Senado Federal,ANTECIPAÇÃO DO PLEBISCITO E DA REVISÃO CONSTITUCIONAL.
357,22,DIS,1991-08-12,Senado Federal,"INVIABILIZAÇÃO DA TRANSFERENCIA DE RECURSOS DA UNIÃO PARA OS         ESTADOS POBRES, COMO O ACRE, EM FACE DA CONTRAPARTIDA DE VINTE       POR CENTO DO APLICADO, EXIGIDO PELO DISPOSTO NO ARTIGO 16, INCISO    3 DA LEI DE DIRETRIZES ORÇAMENTARIAS."
358,22,DIS,1991-08-09,Senado Federal,"COLOCAÇÕES SOBRE CONVENIO FIRMADO ENTRE O GOVERNO FEDERAL, O         MINISTERIO DA EDUCAÇÃO E A CAIXA ECONOMICA FEDERAL, CONCERNENTE      A FINANCIAMENTO DA CASA PROPRIA A CLASSE MEDIA. PROBLEMATICA DA      EDUCAÇÃO BRASILEIRA."
359,22,DIS,1991-08-08,Senado Federal,"MOROSIDADE NA ELABORAÇÃO DA LEI DE DIRETRIZES E BASES DA EDUCAÇÃO.   RESPOSTAS RECEBIDAS PELO ORADOR, DE REQUERIMENTO DE INFORMAÇÕES AOS  MINISTROS DA AÇÃO SOCIAL E DA SAUDE."
360,22,DIS,1991-08-08,Senado Federal,ANALISE DA POLITICA ECONOMICA DO GOVERNO.
361,22,DIS,1991-08-05,Senado Federal,ROLAGEM DA DIVIDA DO ESTADO DO MARANHÃO.
362,22,DIS,1991-08-01,Senado Federal,"CARTAS ABERTAS PUBLICADAS NA IMPRENSA, DE AUTORIA DE S.EXA.,         DENUNCIANDO AO SENHOR PRESIDENTE DA REPUBLICA IRREGULARIDADES EM     ORGÃOS DO GOVERNO."
363,22,DIS,1991-07-01,Senado Federal,"TRANSFORMAÇÃO DE EMENDA, REJEITADA NA APRECIAÇÃO DA LDO, EM          PROJETO DE LEI 'QUE VEDA A TRANSFERENCIA DE RECURSOS DA UNIÃO A QUE  SE REFERE O ART. 16, DA LDO, BEM COMO A ASSUNÇÃO POR PARTE DO        GOVERNO FEDERAL DE AVAIS PARA A ROLAGEM DA DIVIDA E/OU EMPRESTIMOS   EXTERNOS A ESTADOS E MUNICIPIOS NAS QUAIS OS CHEFES DOS PODERES      EXECUTIVOS ESTADUAL OU MUNICIPAL TENHAM NOMEADO E/OU INDICADO PARA   CARGOS DE CONFIANÇA EM SUA ADMINISTRAÇÃO, PESSOAS QUE TENHAM SIDO    INDICIADAS EM COMISSÃO PARLAMENTAR DE INQUERITO OU QUE TENHAM SIDO   RESPONSABILIZADAS POR IRREGULARIDADES, CONFORME PARECER DE PLENARIO  DO TRIBUNAL DE CONTAS DA UNIÃO, DO ESTADO OU DO MUNICIPIO."
364,22,QO,1991-06-29,Senado Federal,ADUZINDO NOVAS CONSIDERAÇÕES AO ASSUNTO OBJETO DE PRONUNCIAMENTO     DE S.EXA. NA PRESENTE SESSÃO.
365,22,DIS,1991-06-28,Senado Federal,HOMENAGEM POSTUMA A HELIO CAMPOS.
366,22,DIS,1991-06-27,Senado Federal,DADOS SOBRE A GRAVIDADE DA SITUAÇÃO DA AGRICULTURA.
367,22,DIS,1991-06-25,Senado Federal,"ROLAGEM DA DIVIDA DOS ESTADOS E MUNICIPIOS. POSICIONAMENTO DO        EXECUTIVO FEDERAL NAS QUESTÕES ECONOMICAS DAS UNIDADES FEDERADAS.    ENCAMINHAMENTO A MESA DE PEDIDO DE INFORMAÇÕES DE AUTORIA DE S.EXA., SOLICITANDO AO MINISTERIO DA ECONOMIA ESCLARECIMENTOS SOBRE A        ROLAGEM DE DIVIDAS DE ESTADOS E MUNICIPIOS E SOBRE PROCESSOS DE      LIQUIDAÇÃO EXTRAJUDICIAIS DOS BANCOS ESTADUAIS DA PARAIBA, PIAUI E   CAIXA DE MINAS GERAIS."
368,22,DIS,1991-06-24,Senado Federal,PROTESTO CONTRA A IMPORTAÇÃO DE PRODUTOS PRIMARIOS.
369,22,DIS,1991-06-21,Senado Federal,PRIVATIZAÇÃO DA USIMINAS.
370,22,DIS,1991-06-21,Senado Federal,"REALIZAÇÃO DE SEMINARIO, PROMOVIDO PELA COMISSÃO DE CONSTITUIÇÃO, JUSTIÇA E CIDADANIA DO SENADO , SOBRE O TEMA: PLEBISCITO E REFORMA CONSTITUCIONAL. RESPOSTA INSATISFATORIA DADA A PEDIDO DE INFORMAÇÕES DE S.EXA. A RESPEITO DE EMPRESTIMOS CONCEDIDOS A USINEIROS DO NORDESTE. SITUAÇÃO CAOTICA DA EMBRAPA."
371,22,DIS,1991-06-21,Senado Federal,CONSIDERAÇÕES SOBRE A QUESTÃO AMAZONICA EM FACE DAS INGERENCIAS DE SENADORES NORTE-AMERICANOS NO DESTINO DA REGIÃO.
372,22,DIS,1991-06-19,Senado Federal,"COMENTARIOS SOBRE O ARTIGO DO JORNAL DO BRASIL DO ULTIMO DIA TRES,   INTITULADO O COMEÇO DA LINHA VERMELHA. ENTREVISTA DO SECRETARIO DE   POLITICA ECONOMICA, ROBERTO MACEDO, SOBRE TRANSFERENCIA DE ENCARGOS  DA UNIÃO PARA ESTADOS E MUNICIPIOS. NECESSIDADE DE DUPLICAÇÃO DA     RODOVIA BR-386, NO TRECHO DAS PROXIMIDADES DO POLO PETROQUIMICO DO   RIO GRANDE DO SUL."
373,22,DIS,1991-06-18,Senado Federal,SISTEMA PARLAMENTAR DE GOVERNO.
374,22,DIS,1991-06-18,Senado Federal,INGERENCIAS EXTERNAS NA QUESTÃO AMAZONICA. DEFESA DE UM PROGRAMA     DE DESENVOLVIMENTO PARA A REGIÃO COM A PRESERVAÇÃO ECOLOGICA.
375,22,DIS,1991-06-13,Senado Federal,"CONSIDERAÇÕES SOBRE A INCONSTITUCIONALIDADE DO PROJETO, EM           TRAMITAÇÃO NA CAMARA DOS DEPUTADOS, QUE IMPLANTA A PENA DE MORTE     NO BRASIL."
376,22,DIS,1991-05-24,Senado Federal,FRAUDES NA PREVIDENCIA SOCIAL.
377,22,DIS,1991-05-23,Senado Federal,CONSIDERAÇÕES SOBRE A LEI DE DIRETRIZES ORÇAMENTARIAS.
378,22,DIS,1991-05-22,Senado Federal,"COMENTARIO DA ENCICLICA 'RERUM NOVARUM', DO PAPA LEÃO XIII, QUE      DEFINIU A DOUTRINA SOCIAL DA IGREJA."
379,22,DIS,1991-05-21,Senado Federal,"CONSIDERAÇÕES SOBRE A EXPANSÃO DAS FRONTEIRAS AMAZONICAS,            ENFATIZANDO A NECESSIDADE DO EQUILIBRIO ECOLOGICO COM JUSTIÇA        SOCIAL."
380,22,DIS,1991-05-13,Senado Federal,"INQUERITO POLICIAL MOVIDO CONTRA O SR. FRANCISCO GROS, A RESPEITO DE IRREGULARIDADES QUE TERIAM OCORRIDO NA EMISSÃO DE CDB."
381,22,DIS,1991-05-13,Senado Federal,COLOCAÇÕES SOBRE OS POSSIVEIS MOTIVOS QUE TERIAM LEVADO A MINISTRA   ZELIA CARDOSO DE MELLO A DEIXAR O MINISTERIO DA ECONOMIA.
382,22,DIS,1991-05-07,Senado Federal,IRREGULARIDADES NA PREVIDENCIA SOCIAL. CRITICAS A LEGALIZAÇÃO DO     JOGO. IMPORTANCIA DAS COMISSÕES PARLAMENTARES DE INQUERITO NA        APURAÇÃO DE DENUNCIAS.
383,22,DIS,1991-05-06,Senado Federal,TRANSCURSO DOS CENTO E CINCO ANOS DO SENADO FEDERAL.
384,22,DIS,1991-04-29,Senado Federal,"MANIFESTAÇÃO DE SOLIDARIEDADE, EM NOME DA BANCADA DO PMDB, AO        DEPUTADO LUIS ROBERTO PONTE."
385,22,DIS,1991-04-26,Senado Federal,HOMENAGEM DE PESAR PELO FALECIMENTO DO SENADOR HELIO CAMPOS.
386,22,DIS,1991-04-12,Senado Federal,CRISE NA AGRICULTURA GAUCHA.
387,22,DIS,1991-04-12,Senado Federal,COBIÇA INTERNACIONAL NA AMAZONIA.
388,22,DIS,1991-04-12,Senado Federal,"ANALISE DO PROJETO DE RECONSTRUÇÃO NACIONAL NAS PARTES RELATIVAS A   GRATUIDADE DO ENSINO DE TERCEIRO GRAU, EXTINÇÃO DA APOSENTADORIA     POR TEMPO DE SERVIÇO E ELIMINAÇÃO DA ESTABILIDADE DO SERVIDOR        PUBLICO."
389,22,DIS,1991-04-08,Senado Federal,COMENTARIOS SOBRE A EXTINÇÃO DA JUSTIÇA ELEITORAL DEFENDIDA PELO EX-GOVERNADOR ORESTES QUERCIA E PELO DEPUTADO ULYSSES GUIMARÃES.
390,22,DIS,1991-04-08,Senado Federal,"DISCURSO DA MINISTRA ZELIA CARDOSO DE MELLO, DA ECONOMIA, FAZENDA    E PLANEJAMENTO, NA REUNIÃO DO BID, QUE SE REALIZA NO JAPÃO,          RECHAÇANDO PRESSÃO NORTE-AMERICANA JUNTO A ESTE ORGANISMO            INTERNACIONAL DESTINADA AO BLOQUEIO DE EMPRESTIMO AO BRASIL.         ENTREVISTA DO EX-GOVERNADOR ORESTES QUERCIA AO JORNAL O GLOBO, EM    QUE ABORDA TOPICOS DO PROJETO DE RECONSTRUÇÃO NACIONAL DO            PRESIDENTE FERNANDO COLLOR E REFORMA CONSTITUCIONAL."
391,22,DIS,1991-04-03,Senado Federal,COBIÇA INTERNACIONAL PELA AMAZONIA.
392,22,DIS,1991-04-01,Senado Federal,"SUGERINDO A MESA A CRIAÇÃO DE UMA COMISSÃO PARLAMENTAR MISTA DE      INQUERITO, PARA APURAR O ESCANDALO DA PREVIDENCIA SOCIAL."
393,22,DIS,1991-03-26,Senado Federal,"SITUAÇÃO DOS SERINGUEIROS E CABOCLOS NA AMAZONIA, EM FACE DO         AVILTAMENTO DO PREÇO DA BORRACHA."
394,22,DIS,1991-03-25,Senado Federal,"A QUESTÃO ECOLOGICA DA AMAZONIA, A PROPOSITO DA REALIZAÇÃO, NO       RIO DE JANEIRO, NO PROXIMO ANO, DO ENCONTRO ECOLOGICO                MUNDIAL - ECO 92."
395,22,DIS,1991-03-22,Senado Federal,"TOPICO DO PROJETO DE RECONSTRUÇÃO NACIONAL APRESENTADO PELO PRESIDENTE FERNANDO COLLOR DE MELLO, CONCERNENTE A PRETENDIDA EXTINÇÃO DA APOSENTADORIA POR TEMPO DE SERVIÇO."
396,22,DIS,1991-03-22,Senado Federal,"PROTESTO CONTRA DEMISSÕES EM MASSA NA ELETRONORTE, ROMPENDO          CRITERIOS ACERTADOS COM O MINISTRO DA INFRA-ESTRUTURA, OZIRES        SILVA, POR LIDERANÇAS SINDICAIS E PARLAMENTARES."
397,22,DIS,1991-03-21,Senado Federal,OBJETIVOS DO FORUM NACIONAL DE DEBATES.
398,22,DIS,1991-03-18,Senado Federal,CONCLUSÃO DA HIDRELETRICA DE SAMUEL. ELUCIDAÇÃO DO ASSASSINATO       DO SENADOR OLAVO PIRES.
399,22,DIS,1991-03-18,Senado Federal,PROJETO DE RECONSTRUÇÃO NACIONAL DO GOVERNO FERNANDO COLLOR.
400,22,DIS,1991-03-11,Senado Federal,"COMENTARIO SOBRE ANUNCIOS DE NOVO PLANO ECONOMICO DO ATUAL GOVERNO,  A VIGORAR A PARTIR DO PROXIMO DIA 15."
401,22,DIS,1991-03-11,Senado Federal,"VIGENCIA, A PARTIR DESTA DATA, DO CODIGO DE DEFESA DO CONSUMIDOR."
402,22,DIS,1991-03-08,Senado Federal,DIA INTERNACIONAL DA MULHER. PREOCUPAÇÕES DO ORADOR COM A FALTA DE   MARCOS NA FRONTEIRA DO BRASIL COM A VENEZUELA.
403,22,DIS,1991-03-07,Senado Federal,DESPEDIDA DO ORADOR DO MANDATO SENATORIAL PARA ASSUMIR O GOVERNO     DO ESTADO DO RIO GRANDE DO NORTE.
404,22,DIS,1991-02-25,Senado Federal,PARTICIPAÇÃO DO CONGRESSO NACIONAL NOS DEBATES DO ENTENDIMENTO       NACIONAL.
405,22,DIS,1991-02-22,Senado Federal,TRANSFERENCIA DA SEDE DA ELETRONORTE DE BRASILIA PARA A CIDADE       DE BELEM - PA.
406,22,DIS,1991-02-22,Senado Federal,"RESPOSTA DA MINISTRA DA ECONOMIA, FAZENDA E PLANEJAMENTO AO REQUERIMENTO DE INFORMAÇÕES 466, DE 1990, DE SUA AUTORIA, QUE DISPÕE SOBRE A REDUÇÃO DA ALIQUOTA DE IPI INCIDENTE SOBRE AS AERONAVES QUE ESPECIFICA. DEMISSÃO DE EMPREGADOS NA AUTOLATINA E NO PORTO DE SANTOS. NOTICIARIO PUBLICADO EM ORGÃO DA IMPRENSA,     DE POSSIVEL MANIPULAÇÃO DE VERBAS POR PARLAMENTARES, NA COMISSÃO MISTA DE ORÇAMENTO. MATERIA DO JORNALISTA GILBERTO DIMENSTEIN, PUBLICADA NO JORNAL 'FOLHA DE S.PAULO', SOB O TITULO 'ACREDITE SE QUISER'. ROTATIVIDADE NA PRESIDENCIA DA COMISSÃO MISTA DE ORÇAMENTO."
407,22,DIS,1991-02-21,Senado Federal,PROPOSTA DE MODELO PARLAMENTAR ADEQUADO A REALIDADE BRASILEIRA.
408,22,DIS,1991-02-19,Senado Federal,"MOVIMENTO DA SRA. LUIZA ERUNDINA E OUTROS PREFEITOS NO SENTIDO DA    LIBERAÇÃO DE CRUZADOS NOVOS PARA O PAGAMENTO DO IPTU. MEDIDAS        PROVISORIAS 294 E 295/91, EM TRAMITAÇÃO NO CONGRESSO NACIONAL."
